 filename;truth label; prediction; predicted label; result
003_180_face0.jpeg; REAL;0.87; FAKE; Wrong prediction
005_010_120_face0.jpeg; FAKE;0.27; REAL; Wrong prediction
006_002_020_face0.jpeg; FAKE;0.30; REAL; Wrong prediction
007_132_300_face0.jpeg; FAKE;0.17; REAL; Wrong prediction
007_132_460_face0.jpeg; FAKE;0.09; REAL; Wrong prediction
008_990_160_face0.jpeg; FAKE;0.10; REAL; Wrong prediction
008_990_380_face0.jpeg; FAKE;0.26; REAL; Wrong prediction
008_990_400_face0.jpeg; FAKE;0.26; REAL; Wrong prediction
008_990_580_face0.jpeg; FAKE;0.00; REAL; Wrong prediction
008_990_600_face0.jpeg; FAKE;0.04; REAL; Wrong prediction
010_005_080_face0.jpeg; FAKE;0.08; REAL; Wrong prediction
012_026_100_face0.jpeg; FAKE;0.07; REAL; Wrong prediction
012_026_120_face0.jpeg; FAKE;0.02; REAL; Wrong prediction
012_026_300_face0.jpeg; FAKE;0.09; REAL; Wrong prediction
012_026_360_face0.jpeg; FAKE;0.01; REAL; Wrong prediction
014_790_040_face0.jpeg; FAKE;0.01; REAL; Wrong prediction
015_919_200_face0.jpeg; FAKE;0.11; REAL; Wrong prediction
015_919_300_face0.jpeg; FAKE;0.09; REAL; Wrong prediction
017_803_000_face0.jpeg; FAKE;0.00; REAL; Wrong prediction
019_018_040_face0.jpeg; FAKE;0.49; REAL; Wrong prediction
019_018_100_face0.jpeg; FAKE;0.37; REAL; Wrong prediction
019_018_420_face0.jpeg; FAKE;0.44; REAL; Wrong prediction
021_312_180_face0.jpeg; FAKE;0.07; REAL; Wrong prediction
021_312_200_face0.jpeg; FAKE;0.09; REAL; Wrong prediction
021_312_240_face0.jpeg; FAKE;0.03; REAL; Wrong prediction
021_312_340_face0.jpeg; FAKE;0.00; REAL; Wrong prediction
022_489_300_face0.jpeg; FAKE;0.23; REAL; Wrong prediction
023_923_420_face0.jpeg; FAKE;0.38; REAL; Wrong prediction
028_220_face0.jpeg; REAL;0.89; FAKE; Wrong prediction
029_048_220_face0.jpeg; FAKE;0.29; REAL; Wrong prediction
029_048_340_face0.jpeg; FAKE;0.01; REAL; Wrong prediction
036_035_100_face0.jpeg; FAKE;0.49; REAL; Wrong prediction
040_997_160_face0.jpeg; FAKE;0.26; REAL; Wrong prediction
040_997_480_face0.jpeg; FAKE;0.38; REAL; Wrong prediction
043_260_face0.jpeg; REAL;0.72; FAKE; Wrong prediction
044_945_240_face0.jpeg; FAKE;0.48; REAL; Wrong prediction
047_862_000_face0.jpeg; FAKE;0.08; REAL; Wrong prediction
047_862_020_face0.jpeg; FAKE;0.10; REAL; Wrong prediction
053_080_face0.jpeg; REAL;0.76; FAKE; Wrong prediction
054_071_000_face0.jpeg; FAKE;0.17; REAL; Wrong prediction
055_147_040_face0.jpeg; FAKE;0.24; REAL; Wrong prediction
055_147_320_face0.jpeg; FAKE;0.49; REAL; Wrong prediction
056_996_140_face0.jpeg; FAKE;0.42; REAL; Wrong prediction
056_996_200_face0.jpeg; FAKE;0.19; REAL; Wrong prediction
056_996_240_face0.jpeg; FAKE;0.33; REAL; Wrong prediction
057_070_140_face0.jpeg; FAKE;0.48; REAL; Wrong prediction
057_070_280_face0.jpeg; FAKE;0.47; REAL; Wrong prediction
058_039_040_face0.jpeg; FAKE;0.46; REAL; Wrong prediction
060_088_100_face0.jpeg; FAKE;0.16; REAL; Wrong prediction
060_088_680_face0.jpeg; FAKE;0.29; REAL; Wrong prediction
061_080_000_face0.jpeg; FAKE;0.01; REAL; Wrong prediction
062_066_160_face0.jpeg; FAKE;0.45; REAL; Wrong prediction
063_041_000_face0.jpeg; FAKE;0.23; REAL; Wrong prediction
063_041_620_face0.jpeg; FAKE;0.05; REAL; Wrong prediction
063_041_640_face0.jpeg; FAKE;0.14; REAL; Wrong prediction
067_025_180_face0.jpeg; FAKE;0.24; REAL; Wrong prediction
067_025_200_face0.jpeg; FAKE;0.18; REAL; Wrong prediction
068_120_face0.jpeg; REAL;0.50; FAKE; Wrong prediction
071_054_180_face0.jpeg; FAKE;0.01; REAL; Wrong prediction
071_054_240_face0.jpeg; FAKE;0.01; REAL; Wrong prediction
071_054_420_face0.jpeg; FAKE;0.40; REAL; Wrong prediction
071_080_face0.jpeg; REAL;0.86; FAKE; Wrong prediction
072_037_000_face0.jpeg; FAKE;0.01; REAL; Wrong prediction
075_977_340_face0.jpeg; FAKE;0.05; REAL; Wrong prediction
075_977_600_face0.jpeg; FAKE;0.05; REAL; Wrong prediction
077_100_060_face0.jpeg; FAKE;0.01; REAL; Wrong prediction
079_076_120_face0.jpeg; FAKE;0.02; REAL; Wrong prediction
080_061_040_face0.jpeg; FAKE;0.41; REAL; Wrong prediction
080_061_080_face0.jpeg; FAKE;0.13; REAL; Wrong prediction
080_061_180_face0.jpeg; FAKE;0.22; REAL; Wrong prediction
080_061_220_face0.jpeg; FAKE;0.18; REAL; Wrong prediction
083_213_040_face0.jpeg; FAKE;0.04; REAL; Wrong prediction
083_213_280_face0.jpeg; FAKE;0.03; REAL; Wrong prediction
083_213_420_face0.jpeg; FAKE;0.04; REAL; Wrong prediction
083_213_520_face0.jpeg; FAKE;0.04; REAL; Wrong prediction
088_060_280_face0.jpeg; FAKE;0.06; REAL; Wrong prediction
091_116_360_face0.jpeg; FAKE;0.05; REAL; Wrong prediction
094_111_040_face0.jpeg; FAKE;0.42; REAL; Wrong prediction
094_111_400_face0.jpeg; FAKE;0.12; REAL; Wrong prediction
094_111_500_face0.jpeg; FAKE;0.46; REAL; Wrong prediction
095_053_000_face0.jpeg; FAKE;0.24; REAL; Wrong prediction
095_053_360_face0.jpeg; FAKE;0.27; REAL; Wrong prediction
095_053_440_face0.jpeg; FAKE;0.44; REAL; Wrong prediction
095_053_620_face0.jpeg; FAKE;0.04; REAL; Wrong prediction
095_053_740_face0.jpeg; FAKE;0.25; REAL; Wrong prediction
095_053_840_face0.jpeg; FAKE;0.25; REAL; Wrong prediction
097_033_160_face0.jpeg; FAKE;0.20; REAL; Wrong prediction
097_033_360_face0.jpeg; FAKE;0.08; REAL; Wrong prediction
097_120_face0.jpeg; REAL;0.52; FAKE; Wrong prediction
100_077_220_face0.jpeg; FAKE;0.48; REAL; Wrong prediction
101_096_080_face0.jpeg; FAKE;0.22; REAL; Wrong prediction
101_096_300_face0.jpeg; FAKE;0.04; REAL; Wrong prediction
101_096_940_face0.jpeg; FAKE;0.15; REAL; Wrong prediction
101_1120_face0.jpeg; REAL;0.89; FAKE; Wrong prediction
101_1140_face0.jpeg; REAL;0.64; FAKE; Wrong prediction
102_114_220_face0.jpeg; FAKE;0.28; REAL; Wrong prediction
103_082_300_face0.jpeg; FAKE;0.40; REAL; Wrong prediction
103_082_440_face0.jpeg; FAKE;0.25; REAL; Wrong prediction
103_082_500_face0.jpeg; FAKE;0.27; REAL; Wrong prediction
104_126_100_face0.jpeg; FAKE;0.10; REAL; Wrong prediction
104_126_140_face0.jpeg; FAKE;0.12; REAL; Wrong prediction
104_126_280_face0.jpeg; FAKE;0.27; REAL; Wrong prediction
104_126_460_face0.jpeg; FAKE;0.04; REAL; Wrong prediction
107_109_360_face0.jpeg; FAKE;0.44; REAL; Wrong prediction
107_109_440_face0.jpeg; FAKE;0.28; REAL; Wrong prediction
114_102_300_face0.jpeg; FAKE;0.03; REAL; Wrong prediction
116_300_face0.jpeg; REAL;0.99; FAKE; Wrong prediction
121_093_040_face0.jpeg; FAKE;0.47; REAL; Wrong prediction
122_144_100_face0.jpeg; FAKE;0.47; REAL; Wrong prediction
123_100_face0.jpeg; REAL;0.77; FAKE; Wrong prediction
123_119_120_face0.jpeg; FAKE;0.05; REAL; Wrong prediction
124_085_060_face0.jpeg; FAKE;0.37; REAL; Wrong prediction
128_896_000_face0.jpeg; FAKE;0.02; REAL; Wrong prediction
129_127_080_face0.jpeg; FAKE;0.18; REAL; Wrong prediction
129_127_140_face0.jpeg; FAKE;0.13; REAL; Wrong prediction
129_127_280_face0.jpeg; FAKE;0.11; REAL; Wrong prediction
129_127_320_face0.jpeg; FAKE;0.17; REAL; Wrong prediction
130_139_260_face0.jpeg; FAKE;0.13; REAL; Wrong prediction
131_518_300_face0.jpeg; FAKE;0.29; REAL; Wrong prediction
132_007_380_face0.jpeg; FAKE;0.11; REAL; Wrong prediction
133_148_100_face0.jpeg; FAKE;0.35; REAL; Wrong prediction
133_148_120_face0.jpeg; FAKE;0.10; REAL; Wrong prediction
133_148_200_face0.jpeg; FAKE;0.22; REAL; Wrong prediction
133_148_380_face0.jpeg; FAKE;0.05; REAL; Wrong prediction
133_148_420_face0.jpeg; FAKE;0.30; REAL; Wrong prediction
133_148_440_face0.jpeg; FAKE;0.03; REAL; Wrong prediction
134_192_300_face0.jpeg; FAKE;0.13; REAL; Wrong prediction
136_285_360_face0.jpeg; FAKE;0.25; REAL; Wrong prediction
136_285_500_face0.jpeg; FAKE;0.38; REAL; Wrong prediction
139_130_000_face0.jpeg; FAKE;0.26; REAL; Wrong prediction
139_130_060_face0.jpeg; FAKE;0.09; REAL; Wrong prediction
139_130_180_face0.jpeg; FAKE;0.04; REAL; Wrong prediction
139_130_360_face0.jpeg; FAKE;0.15; REAL; Wrong prediction
140_200_face0.jpeg; REAL;0.97; FAKE; Wrong prediction
141_161_000_face0.jpeg; FAKE;0.27; REAL; Wrong prediction
142_138_000_face0.jpeg; FAKE;0.00; REAL; Wrong prediction
142_138_380_face0.jpeg; FAKE;0.21; REAL; Wrong prediction
142_138_600_face0.jpeg; FAKE;0.02; REAL; Wrong prediction
142_138_620_face0.jpeg; FAKE;0.04; REAL; Wrong prediction
142_138_820_face0.jpeg; FAKE;0.26; REAL; Wrong prediction
144_122_260_face0.jpeg; FAKE;0.37; REAL; Wrong prediction
145_299_420_face0.jpeg; FAKE;0.07; REAL; Wrong prediction
148_133_080_face0.jpeg; FAKE;0.44; REAL; Wrong prediction
148_133_240_face0.jpeg; FAKE;0.49; REAL; Wrong prediction
148_133_280_face0.jpeg; FAKE;0.32; REAL; Wrong prediction
148_133_440_face0.jpeg; FAKE;0.05; REAL; Wrong prediction
150_153_000_face0.jpeg; FAKE;0.21; REAL; Wrong prediction
150_153_340_face0.jpeg; FAKE;0.27; REAL; Wrong prediction
152_120_face0.jpeg; REAL;0.77; FAKE; Wrong prediction
155_576_100_face0.jpeg; FAKE;0.17; REAL; Wrong prediction
155_576_420_face0.jpeg; FAKE;0.29; REAL; Wrong prediction
155_576_560_face0.jpeg; FAKE;0.14; REAL; Wrong prediction
155_576_600_face0.jpeg; FAKE;0.21; REAL; Wrong prediction
155_576_700_face0.jpeg; FAKE;0.36; REAL; Wrong prediction
156_243_040_face0.jpeg; FAKE;0.03; REAL; Wrong prediction
156_243_380_face0.jpeg; FAKE;0.02; REAL; Wrong prediction
156_243_420_face0.jpeg; FAKE;0.09; REAL; Wrong prediction
156_243_440_face0.jpeg; FAKE;0.18; REAL; Wrong prediction
157_245_240_face0.jpeg; FAKE;0.03; REAL; Wrong prediction
165_137_160_face0.jpeg; FAKE;0.02; REAL; Wrong prediction
165_137_180_face0.jpeg; FAKE;0.14; REAL; Wrong prediction
165_137_240_face0.jpeg; FAKE;0.25; REAL; Wrong prediction
166_167_400_face0.jpeg; FAKE;0.30; REAL; Wrong prediction
166_167_600_face0.jpeg; FAKE;0.34; REAL; Wrong prediction
168_222_1180_face0.jpeg; FAKE;0.24; REAL; Wrong prediction
168_222_660_face0.jpeg; FAKE;0.13; REAL; Wrong prediction
168_222_700_face0.jpeg; FAKE;0.17; REAL; Wrong prediction
168_222_820_face0.jpeg; FAKE;0.09; REAL; Wrong prediction
168_222_980_face0.jpeg; FAKE;0.10; REAL; Wrong prediction
169_227_080_face0.jpeg; FAKE;0.43; REAL; Wrong prediction
169_227_300_face0.jpeg; FAKE;0.41; REAL; Wrong prediction
174_964_220_face0.jpeg; FAKE;0.17; REAL; Wrong prediction
175_159_300_face0.jpeg; FAKE;0.46; REAL; Wrong prediction
175_159_380_face0.jpeg; FAKE;0.19; REAL; Wrong prediction
175_159_440_face0.jpeg; FAKE;0.47; REAL; Wrong prediction
178_598_020_face0.jpeg; FAKE;0.49; REAL; Wrong prediction
178_598_040_face0.jpeg; FAKE;0.40; REAL; Wrong prediction
178_598_120_face0.jpeg; FAKE;0.49; REAL; Wrong prediction
178_598_340_face0.jpeg; FAKE;0.11; REAL; Wrong prediction
178_598_400_face0.jpeg; FAKE;0.30; REAL; Wrong prediction
178_598_440_face0.jpeg; FAKE;0.36; REAL; Wrong prediction
178_598_460_face0.jpeg; FAKE;0.31; REAL; Wrong prediction
179_212_080_face0.jpeg; FAKE;0.44; REAL; Wrong prediction
179_212_1020_face0.jpeg; FAKE;0.07; REAL; Wrong prediction
179_212_1080_face0.jpeg; FAKE;0.47; REAL; Wrong prediction
179_212_780_face0.jpeg; FAKE;0.31; REAL; Wrong prediction
179_212_800_face0.jpeg; FAKE;0.47; REAL; Wrong prediction
181_199_020_face0.jpeg; FAKE;0.42; REAL; Wrong prediction
181_199_060_face0.jpeg; FAKE;0.09; REAL; Wrong prediction
182_242_120_face0.jpeg; FAKE;0.02; REAL; Wrong prediction
183_253_280_face0.jpeg; FAKE;0.34; REAL; Wrong prediction
186_170_240_face0.jpeg; FAKE;0.45; REAL; Wrong prediction
186_170_260_face0.jpeg; FAKE;0.09; REAL; Wrong prediction
187_234_960_face0.jpeg; FAKE;0.33; REAL; Wrong prediction
190_176_320_face0.jpeg; FAKE;0.28; REAL; Wrong prediction
191_188_160_face0.jpeg; FAKE;0.34; REAL; Wrong prediction
192_134_040_face0.jpeg; FAKE;0.43; REAL; Wrong prediction
194_235_000_face0.jpeg; FAKE;0.50; REAL; Wrong prediction
195_442_040_face0.jpeg; FAKE;0.41; REAL; Wrong prediction
195_442_240_face0.jpeg; FAKE;0.18; REAL; Wrong prediction
195_442_260_face0.jpeg; FAKE;0.03; REAL; Wrong prediction
198_180_face0.jpeg; REAL;0.78; FAKE; Wrong prediction
201_203_280_face0.jpeg; FAKE;0.31; REAL; Wrong prediction
201_203_400_face0.jpeg; FAKE;0.13; REAL; Wrong prediction
201_203_540_face0.jpeg; FAKE;0.01; REAL; Wrong prediction
201_203_680_face0.jpeg; FAKE;0.05; REAL; Wrong prediction
201_203_700_face0.jpeg; FAKE;0.10; REAL; Wrong prediction
205_184_200_face0.jpeg; FAKE;0.34; REAL; Wrong prediction
206_221_100_face0.jpeg; FAKE;0.06; REAL; Wrong prediction
207_908_100_face0.jpeg; FAKE;0.01; REAL; Wrong prediction
207_908_160_face0.jpeg; FAKE;0.05; REAL; Wrong prediction
207_908_340_face0.jpeg; FAKE;0.37; REAL; Wrong prediction
208_215_340_face0.jpeg; FAKE;0.45; REAL; Wrong prediction
209_016_100_face0.jpeg; FAKE;0.03; REAL; Wrong prediction
210_241_000_face0.jpeg; FAKE;0.06; REAL; Wrong prediction
210_241_320_face0.jpeg; FAKE;0.34; REAL; Wrong prediction
210_241_340_face0.jpeg; FAKE;0.21; REAL; Wrong prediction
210_241_500_face0.jpeg; FAKE;0.02; REAL; Wrong prediction
210_241_520_face0.jpeg; FAKE;0.27; REAL; Wrong prediction
210_241_540_face0.jpeg; FAKE;0.01; REAL; Wrong prediction
210_241_720_face0.jpeg; FAKE;0.08; REAL; Wrong prediction
216_164_180_face0.jpeg; FAKE;0.46; REAL; Wrong prediction
216_164_200_face0.jpeg; FAKE;0.19; REAL; Wrong prediction
217_117_100_face0.jpeg; FAKE;0.30; REAL; Wrong prediction
220_219_060_face0.jpeg; FAKE;0.05; REAL; Wrong prediction
220_219_340_face0.jpeg; FAKE;0.01; REAL; Wrong prediction
221_206_240_face0.jpeg; FAKE;0.11; REAL; Wrong prediction
221_206_360_face0.jpeg; FAKE;0.11; REAL; Wrong prediction
221_206_480_face0.jpeg; FAKE;0.09; REAL; Wrong prediction
221_206_680_face0.jpeg; FAKE;0.13; REAL; Wrong prediction
222_168_120_face0.jpeg; FAKE;0.35; REAL; Wrong prediction
222_168_140_face0.jpeg; FAKE;0.01; REAL; Wrong prediction
223_586_180_face0.jpeg; FAKE;0.19; REAL; Wrong prediction
224_197_020_face0.jpeg; FAKE;0.07; REAL; Wrong prediction
224_197_080_face0.jpeg; FAKE;0.04; REAL; Wrong prediction
224_197_340_face0.jpeg; FAKE;0.23; REAL; Wrong prediction
225_151_200_face0.jpeg; FAKE;0.18; REAL; Wrong prediction
226_491_020_face0.jpeg; FAKE;0.21; REAL; Wrong prediction
228_289_200_face0.jpeg; FAKE;0.48; REAL; Wrong prediction
231_663_000_face0.jpeg; FAKE;0.05; REAL; Wrong prediction
231_663_020_face0.jpeg; FAKE;0.09; REAL; Wrong prediction
231_663_060_face0.jpeg; FAKE;0.19; REAL; Wrong prediction
231_663_220_face0.jpeg; FAKE;0.07; REAL; Wrong prediction
231_663_400_face0.jpeg; FAKE;0.39; REAL; Wrong prediction
231_663_420_face0.jpeg; FAKE;0.23; REAL; Wrong prediction
232_248_040_face0.jpeg; FAKE;0.09; REAL; Wrong prediction
232_248_080_face0.jpeg; FAKE;0.10; REAL; Wrong prediction
233_995_600_face0.jpeg; FAKE;0.07; REAL; Wrong prediction
233_995_660_face0.jpeg; FAKE;0.07; REAL; Wrong prediction
234_187_280_face0.jpeg; FAKE;0.05; REAL; Wrong prediction
234_187_340_face0.jpeg; FAKE;0.11; REAL; Wrong prediction
235_194_120_face0.jpeg; FAKE;0.49; REAL; Wrong prediction
237_236_660_face0.jpeg; FAKE;0.10; REAL; Wrong prediction
238_282_000_face0.jpeg; FAKE;0.36; REAL; Wrong prediction
238_282_160_face0.jpeg; FAKE;0.44; REAL; Wrong prediction
238_282_280_face0.jpeg; FAKE;0.18; REAL; Wrong prediction
239_218_380_face0.jpeg; FAKE;0.25; REAL; Wrong prediction
240_290_1000_face0.jpeg; FAKE;0.03; REAL; Wrong prediction
240_290_1160_face0.jpeg; FAKE;0.03; REAL; Wrong prediction
240_290_660_face0.jpeg; FAKE;0.05; REAL; Wrong prediction
240_290_740_face0.jpeg; FAKE;0.05; REAL; Wrong prediction
240_290_760_face0.jpeg; FAKE;0.02; REAL; Wrong prediction
243_156_100_face0.jpeg; FAKE;0.42; REAL; Wrong prediction
244_822_100_face0.jpeg; FAKE;0.02; REAL; Wrong prediction
244_822_120_face0.jpeg; FAKE;0.44; REAL; Wrong prediction
248_232_360_face0.jpeg; FAKE;0.44; REAL; Wrong prediction
248_232_440_face0.jpeg; FAKE;0.09; REAL; Wrong prediction
250_461_260_face0.jpeg; FAKE;0.17; REAL; Wrong prediction
252_266_180_face0.jpeg; FAKE;0.46; REAL; Wrong prediction
254_261_020_face0.jpeg; FAKE;0.18; REAL; Wrong prediction
254_261_420_face0.jpeg; FAKE;0.11; REAL; Wrong prediction
256_146_260_face0.jpeg; FAKE;0.06; REAL; Wrong prediction
256_146_320_face0.jpeg; FAKE;0.01; REAL; Wrong prediction
256_146_500_face0.jpeg; FAKE;0.13; REAL; Wrong prediction
257_420_120_face0.jpeg; FAKE;0.30; REAL; Wrong prediction
257_600_face0.jpeg; REAL;0.62; FAKE; Wrong prediction
260_040_face0.jpeg; REAL;0.61; FAKE; Wrong prediction
260_080_face0.jpeg; REAL;0.99; FAKE; Wrong prediction
260_100_face0.jpeg; REAL;0.98; FAKE; Wrong prediction
263_284_020_face0.jpeg; FAKE;0.49; REAL; Wrong prediction
265_475_260_face0.jpeg; FAKE;0.07; REAL; Wrong prediction
265_475_380_face0.jpeg; FAKE;0.26; REAL; Wrong prediction
265_475_460_face0.jpeg; FAKE;0.03; REAL; Wrong prediction
269_040_face0.jpeg; REAL;0.97; FAKE; Wrong prediction
269_220_face0.jpeg; REAL;0.79; FAKE; Wrong prediction
274_412_120_face0.jpeg; FAKE;0.07; REAL; Wrong prediction
276_185_140_face0.jpeg; FAKE;0.50; REAL; Wrong prediction
277_335_180_face0.jpeg; FAKE;0.49; REAL; Wrong prediction
277_335_420_face0.jpeg; FAKE;0.05; REAL; Wrong prediction
277_335_460_face0.jpeg; FAKE;0.18; REAL; Wrong prediction
277_335_560_face0.jpeg; FAKE;0.26; REAL; Wrong prediction
277_335_700_face0.jpeg; FAKE;0.16; REAL; Wrong prediction
277_335_940_face0.jpeg; FAKE;0.50; REAL; Wrong prediction
278_306_420_face0.jpeg; FAKE;0.38; REAL; Wrong prediction
279_298_100_face0.jpeg; FAKE;0.07; REAL; Wrong prediction
279_298_880_face0.jpeg; FAKE;0.18; REAL; Wrong prediction
280_200_face0.jpeg; REAL;0.83; FAKE; Wrong prediction
280_249_400_face0.jpeg; FAKE;0.22; REAL; Wrong prediction
283_313_240_face0.jpeg; FAKE;0.28; REAL; Wrong prediction
283_313_620_face0.jpeg; FAKE;0.16; REAL; Wrong prediction
283_313_780_face0.jpeg; FAKE;0.35; REAL; Wrong prediction
284_240_face0.jpeg; REAL;0.67; FAKE; Wrong prediction
285_136_140_face0.jpeg; FAKE;0.48; REAL; Wrong prediction
287_426_020_face0.jpeg; FAKE;0.02; REAL; Wrong prediction
287_426_120_face0.jpeg; FAKE;0.00; REAL; Wrong prediction
287_426_160_face0.jpeg; FAKE;0.00; REAL; Wrong prediction
287_426_180_face0.jpeg; FAKE;0.00; REAL; Wrong prediction
287_426_300_face0.jpeg; FAKE;0.01; REAL; Wrong prediction
287_426_340_face0.jpeg; FAKE;0.04; REAL; Wrong prediction
288_321_460_face0.jpeg; FAKE;0.03; REAL; Wrong prediction
291_874_060_face0.jpeg; FAKE;0.02; REAL; Wrong prediction
291_874_240_face0.jpeg; FAKE;0.36; REAL; Wrong prediction
294_292_260_face0.jpeg; FAKE;0.42; REAL; Wrong prediction
297_270_240_face0.jpeg; FAKE;0.22; REAL; Wrong prediction
297_270_360_face0.jpeg; FAKE;0.14; REAL; Wrong prediction
298_279_340_face0.jpeg; FAKE;0.27; REAL; Wrong prediction
298_279_440_face0.jpeg; FAKE;0.01; REAL; Wrong prediction
299_145_120_face0.jpeg; FAKE;0.10; REAL; Wrong prediction
299_145_160_face0.jpeg; FAKE;0.03; REAL; Wrong prediction
300_304_220_face0.jpeg; FAKE;0.35; REAL; Wrong prediction
300_304_320_face0.jpeg; FAKE;0.00; REAL; Wrong prediction
300_304_420_face0.jpeg; FAKE;0.36; REAL; Wrong prediction
301_262_440_face0.jpeg; FAKE;0.17; REAL; Wrong prediction
301_262_500_face0.jpeg; FAKE;0.03; REAL; Wrong prediction
301_262_700_face0.jpeg; FAKE;0.04; REAL; Wrong prediction
302_323_760_face0.jpeg; FAKE;0.45; REAL; Wrong prediction
303_309_280_face0.jpeg; FAKE;0.14; REAL; Wrong prediction
303_309_300_face0.jpeg; FAKE;0.48; REAL; Wrong prediction
303_309_320_face0.jpeg; FAKE;0.38; REAL; Wrong prediction
303_309_420_face0.jpeg; FAKE;0.09; REAL; Wrong prediction
305_360_face0.jpeg; REAL;0.78; FAKE; Wrong prediction
305_500_face0.jpeg; REAL;0.84; FAKE; Wrong prediction
305_513_040_face0.jpeg; FAKE;0.03; REAL; Wrong prediction
305_513_220_face0.jpeg; FAKE;0.06; REAL; Wrong prediction
305_513_280_face0.jpeg; FAKE;0.04; REAL; Wrong prediction
305_513_340_face0.jpeg; FAKE;0.30; REAL; Wrong prediction
305_513_540_face0.jpeg; FAKE;0.29; REAL; Wrong prediction
305_513_600_face0.jpeg; FAKE;0.02; REAL; Wrong prediction
305_513_780_face0.jpeg; FAKE;0.30; REAL; Wrong prediction
305_513_820_face0.jpeg; FAKE;0.00; REAL; Wrong prediction
305_513_840_face0.jpeg; FAKE;0.01; REAL; Wrong prediction
305_560_face0.jpeg; REAL;0.73; FAKE; Wrong prediction
308_388_180_face0.jpeg; FAKE;0.35; REAL; Wrong prediction
308_388_200_face0.jpeg; FAKE;0.41; REAL; Wrong prediction
308_388_240_face0.jpeg; FAKE;0.13; REAL; Wrong prediction
309_303_280_face0.jpeg; FAKE;0.42; REAL; Wrong prediction
310_196_000_face0.jpeg; FAKE;0.37; REAL; Wrong prediction
310_196_160_face0.jpeg; FAKE;0.39; REAL; Wrong prediction
310_196_240_face0.jpeg; FAKE;0.21; REAL; Wrong prediction
312_280_face0.jpeg; REAL;0.87; FAKE; Wrong prediction
313_283_060_face0.jpeg; FAKE;0.20; REAL; Wrong prediction
314_000_face0.jpeg; REAL;0.60; FAKE; Wrong prediction
315_322_020_face0.jpeg; FAKE;0.31; REAL; Wrong prediction
315_322_040_face0.jpeg; FAKE;0.42; REAL; Wrong prediction
317_359_120_face0.jpeg; FAKE;0.49; REAL; Wrong prediction
318_334_060_face0.jpeg; FAKE;0.39; REAL; Wrong prediction
318_334_300_face0.jpeg; FAKE;0.32; REAL; Wrong prediction
318_334_440_face0.jpeg; FAKE;0.35; REAL; Wrong prediction
319_352_000_face0.jpeg; FAKE;0.18; REAL; Wrong prediction
325_492_1160_face0.jpeg; FAKE;0.01; REAL; Wrong prediction
326_501_020_face0.jpeg; FAKE;0.19; REAL; Wrong prediction
326_501_420_face0.jpeg; FAKE;0.15; REAL; Wrong prediction
326_501_460_face0.jpeg; FAKE;0.26; REAL; Wrong prediction
326_501_480_face0.jpeg; FAKE;0.06; REAL; Wrong prediction
326_501_640_face0.jpeg; FAKE;0.11; REAL; Wrong prediction
326_501_740_face0.jpeg; FAKE;0.05; REAL; Wrong prediction
326_501_800_face0.jpeg; FAKE;0.39; REAL; Wrong prediction
326_501_880_face0.jpeg; FAKE;0.02; REAL; Wrong prediction
326_840_face0.jpeg; REAL;0.80; FAKE; Wrong prediction
329_327_160_face0.jpeg; FAKE;0.19; REAL; Wrong prediction
329_327_320_face0.jpeg; FAKE;0.06; REAL; Wrong prediction
329_327_340_face0.jpeg; FAKE;0.49; REAL; Wrong prediction
330_162_080_face0.jpeg; FAKE;0.00; REAL; Wrong prediction
330_162_140_face0.jpeg; FAKE;0.01; REAL; Wrong prediction
330_162_280_face0.jpeg; FAKE;0.02; REAL; Wrong prediction
330_162_360_face0.jpeg; FAKE;0.22; REAL; Wrong prediction
331_260_000_face0.jpeg; FAKE;0.13; REAL; Wrong prediction
331_260_340_face0.jpeg; FAKE;0.44; REAL; Wrong prediction
332_051_080_face0.jpeg; FAKE;0.20; REAL; Wrong prediction
332_051_640_face0.jpeg; FAKE;0.48; REAL; Wrong prediction
332_051_660_face0.jpeg; FAKE;0.21; REAL; Wrong prediction
332_400_face0.jpeg; REAL;0.52; FAKE; Wrong prediction
332_420_face0.jpeg; REAL;0.85; FAKE; Wrong prediction
336_338_060_face0.jpeg; FAKE;0.33; REAL; Wrong prediction
336_338_100_face0.jpeg; FAKE;0.31; REAL; Wrong prediction
336_338_240_face0.jpeg; FAKE;0.11; REAL; Wrong prediction
336_338_340_face0.jpeg; FAKE;0.11; REAL; Wrong prediction
336_338_500_face0.jpeg; FAKE;0.00; REAL; Wrong prediction
337_040_face0.jpeg; REAL;0.59; FAKE; Wrong prediction
337_522_300_face0.jpeg; FAKE;0.02; REAL; Wrong prediction
339_100_face0.jpeg; REAL;0.54; FAKE; Wrong prediction
340_341_080_face0.jpeg; FAKE;0.23; REAL; Wrong prediction
342_416_100_face0.jpeg; FAKE;0.42; REAL; Wrong prediction
343_363_060_face0.jpeg; FAKE;0.04; REAL; Wrong prediction
343_363_180_face0.jpeg; FAKE;0.03; REAL; Wrong prediction
344_020_260_face0.jpeg; FAKE;0.05; REAL; Wrong prediction
344_020_420_face0.jpeg; FAKE;0.39; REAL; Wrong prediction
344_020_560_face0.jpeg; FAKE;0.03; REAL; Wrong prediction
344_020_580_face0.jpeg; FAKE;0.44; REAL; Wrong prediction
345_240_face0.jpeg; REAL;0.86; FAKE; Wrong prediction
345_259_080_face0.jpeg; FAKE;0.13; REAL; Wrong prediction
345_259_140_face0.jpeg; FAKE;0.07; REAL; Wrong prediction
346_351_040_face0.jpeg; FAKE;0.43; REAL; Wrong prediction
346_351_340_face0.jpeg; FAKE;0.39; REAL; Wrong prediction
346_351_460_face0.jpeg; FAKE;0.10; REAL; Wrong prediction
347_314_320_face0.jpeg; FAKE;0.09; REAL; Wrong prediction
348_020_face0.jpeg; REAL;0.86; FAKE; Wrong prediction
348_380_face0.jpeg; REAL;0.62; FAKE; Wrong prediction
350_349_220_face0.jpeg; FAKE;0.01; REAL; Wrong prediction
350_349_240_face0.jpeg; FAKE;0.06; REAL; Wrong prediction
351_346_140_face0.jpeg; FAKE;0.31; REAL; Wrong prediction
351_346_220_face0.jpeg; FAKE;0.06; REAL; Wrong prediction
351_346_400_face0.jpeg; FAKE;0.24; REAL; Wrong prediction
351_346_560_face0.jpeg; FAKE;0.12; REAL; Wrong prediction
351_346_620_face0.jpeg; FAKE;0.35; REAL; Wrong prediction
352_319_020_face0.jpeg; FAKE;0.34; REAL; Wrong prediction
352_319_080_face0.jpeg; FAKE;0.03; REAL; Wrong prediction
352_319_100_face0.jpeg; FAKE;0.05; REAL; Wrong prediction
352_319_180_face0.jpeg; FAKE;0.05; REAL; Wrong prediction
356_080_face0.jpeg; REAL;0.75; FAKE; Wrong prediction
357_432_180_face0.jpeg; FAKE;0.09; REAL; Wrong prediction
358_380_040_face0.jpeg; FAKE;0.17; REAL; Wrong prediction
358_380_380_face0.jpeg; FAKE;0.15; REAL; Wrong prediction
358_380_400_face0.jpeg; FAKE;0.41; REAL; Wrong prediction
359_317_380_face0.jpeg; FAKE;0.15; REAL; Wrong prediction
361_448_240_face0.jpeg; FAKE;0.02; REAL; Wrong prediction
371_367_620_face0.jpeg; FAKE;0.15; REAL; Wrong prediction
373_280_face0.jpeg; REAL;0.83; FAKE; Wrong prediction
374_407_040_face0.jpeg; FAKE;0.24; REAL; Wrong prediction
376_381_300_face0.jpeg; FAKE;0.08; REAL; Wrong prediction
378_368_660_face0.jpeg; FAKE;0.42; REAL; Wrong prediction
379_158_060_face0.jpeg; FAKE;0.41; REAL; Wrong prediction
379_158_200_face0.jpeg; FAKE;0.48; REAL; Wrong prediction
380_358_040_face0.jpeg; FAKE;0.09; REAL; Wrong prediction
380_358_200_face0.jpeg; FAKE;0.28; REAL; Wrong prediction
380_358_220_face0.jpeg; FAKE;0.27; REAL; Wrong prediction
380_358_380_face0.jpeg; FAKE;0.11; REAL; Wrong prediction
382_409_200_face0.jpeg; FAKE;0.06; REAL; Wrong prediction
382_409_240_face0.jpeg; FAKE;0.03; REAL; Wrong prediction
383_353_460_face0.jpeg; FAKE;0.01; REAL; Wrong prediction
386_154_220_face0.jpeg; FAKE;0.27; REAL; Wrong prediction
387_311_040_face0.jpeg; FAKE;0.50; REAL; Wrong prediction
387_311_120_face0.jpeg; FAKE;0.45; REAL; Wrong prediction
387_311_300_face0.jpeg; FAKE;0.06; REAL; Wrong prediction
387_311_360_face0.jpeg; FAKE;0.07; REAL; Wrong prediction
387_311_500_face0.jpeg; FAKE;0.26; REAL; Wrong prediction
392_339_240_face0.jpeg; FAKE;0.21; REAL; Wrong prediction
393_000_face0.jpeg; REAL;0.60; FAKE; Wrong prediction
401_395_200_face0.jpeg; FAKE;0.05; REAL; Wrong prediction
401_395_400_face0.jpeg; FAKE;0.04; REAL; Wrong prediction
401_395_420_face0.jpeg; FAKE;0.02; REAL; Wrong prediction
402_453_060_face0.jpeg; FAKE;0.30; REAL; Wrong prediction
402_453_140_face0.jpeg; FAKE;0.45; REAL; Wrong prediction
403_497_240_face0.jpeg; FAKE;0.49; REAL; Wrong prediction
403_497_300_face0.jpeg; FAKE;0.09; REAL; Wrong prediction
403_497_560_face0.jpeg; FAKE;0.21; REAL; Wrong prediction
403_497_640_face0.jpeg; FAKE;0.42; REAL; Wrong prediction
404_140_face0.jpeg; REAL;0.69; FAKE; Wrong prediction
404_429_520_face0.jpeg; FAKE;0.04; REAL; Wrong prediction
405_393_300_face0.jpeg; FAKE;0.27; REAL; Wrong prediction
405_393_440_face0.jpeg; FAKE;0.06; REAL; Wrong prediction
405_393_520_face0.jpeg; FAKE;0.23; REAL; Wrong prediction
406_391_240_face0.jpeg; FAKE;0.26; REAL; Wrong prediction
406_391_400_face0.jpeg; FAKE;0.39; REAL; Wrong prediction
406_391_440_face0.jpeg; FAKE;0.48; REAL; Wrong prediction
409_382_020_face0.jpeg; FAKE;0.48; REAL; Wrong prediction
409_382_260_face0.jpeg; FAKE;0.43; REAL; Wrong prediction
416_280_face0.jpeg; REAL;0.61; FAKE; Wrong prediction
420_257_080_face0.jpeg; FAKE;0.27; REAL; Wrong prediction
420_257_1020_face0.jpeg; FAKE;0.04; REAL; Wrong prediction
420_257_560_face0.jpeg; FAKE;0.11; REAL; Wrong prediction
420_257_860_face0.jpeg; FAKE;0.25; REAL; Wrong prediction
423_421_1020_face0.jpeg; FAKE;0.40; REAL; Wrong prediction
423_421_1040_face0.jpeg; FAKE;0.09; REAL; Wrong prediction
423_421_1100_face0.jpeg; FAKE;0.23; REAL; Wrong prediction
423_421_1400_face0.jpeg; FAKE;0.43; REAL; Wrong prediction
423_421_1440_face0.jpeg; FAKE;0.33; REAL; Wrong prediction
423_421_1760_face0.jpeg; FAKE;0.20; REAL; Wrong prediction
423_421_240_face0.jpeg; FAKE;0.50; REAL; Wrong prediction
423_421_640_face0.jpeg; FAKE;0.17; REAL; Wrong prediction
425_485_280_face0.jpeg; FAKE;0.07; REAL; Wrong prediction
427_637_020_face0.jpeg; FAKE;0.13; REAL; Wrong prediction
427_637_380_face0.jpeg; FAKE;0.10; REAL; Wrong prediction
429_420_face0.jpeg; REAL;0.73; FAKE; Wrong prediction
430_459_320_face0.jpeg; FAKE;0.48; REAL; Wrong prediction
432_357_080_face0.jpeg; FAKE;0.16; REAL; Wrong prediction
433_498_040_face0.jpeg; FAKE;0.41; REAL; Wrong prediction
437_380_face0.jpeg; REAL;0.54; FAKE; Wrong prediction
438_434_000_face0.jpeg; FAKE;0.40; REAL; Wrong prediction
438_434_160_face0.jpeg; FAKE;0.06; REAL; Wrong prediction
440_240_face0.jpeg; REAL;0.82; FAKE; Wrong prediction
440_340_face0.jpeg; REAL;0.90; FAKE; Wrong prediction
440_360_face0.jpeg; REAL;0.50; FAKE; Wrong prediction
440_364_280_face0.jpeg; FAKE;0.22; REAL; Wrong prediction
443_514_1080_face0.jpeg; FAKE;0.07; REAL; Wrong prediction
443_514_140_face0.jpeg; FAKE;0.04; REAL; Wrong prediction
445_494_480_face0.jpeg; FAKE;0.39; REAL; Wrong prediction
445_494_840_face0.jpeg; FAKE;0.45; REAL; Wrong prediction
446_100_face0.jpeg; REAL;0.62; FAKE; Wrong prediction
446_420_face0.jpeg; REAL;0.75; FAKE; Wrong prediction
452_550_240_face0.jpeg; FAKE;0.47; REAL; Wrong prediction
452_550_360_face0.jpeg; FAKE;0.16; REAL; Wrong prediction
453_402_020_face0.jpeg; FAKE;0.29; REAL; Wrong prediction
453_402_120_face0.jpeg; FAKE;0.06; REAL; Wrong prediction
453_402_220_face0.jpeg; FAKE;0.49; REAL; Wrong prediction
456_435_040_face0.jpeg; FAKE;0.16; REAL; Wrong prediction
456_435_300_face0.jpeg; FAKE;0.20; REAL; Wrong prediction
456_435_380_face0.jpeg; FAKE;0.26; REAL; Wrong prediction
458_722_000_face0.jpeg; FAKE;0.33; REAL; Wrong prediction
461_250_380_face0.jpeg; FAKE;0.09; REAL; Wrong prediction
461_250_400_face0.jpeg; FAKE;0.38; REAL; Wrong prediction
464_200_face0.jpeg; REAL;0.68; FAKE; Wrong prediction
464_360_face0.jpeg; REAL;0.81; FAKE; Wrong prediction
464_463_020_face0.jpeg; FAKE;0.11; REAL; Wrong prediction
464_463_040_face0.jpeg; FAKE;0.10; REAL; Wrong prediction
464_463_300_face0.jpeg; FAKE;0.37; REAL; Wrong prediction
466_428_180_face0.jpeg; FAKE;0.33; REAL; Wrong prediction
466_428_300_face0.jpeg; FAKE;0.01; REAL; Wrong prediction
467_462_180_face0.jpeg; FAKE;0.21; REAL; Wrong prediction
469_481_240_face0.jpeg; FAKE;0.30; REAL; Wrong prediction
470_468_140_face0.jpeg; FAKE;0.49; REAL; Wrong prediction
470_468_200_face0.jpeg; FAKE;0.31; REAL; Wrong prediction
470_468_380_face0.jpeg; FAKE;0.20; REAL; Wrong prediction
472_511_100_face0.jpeg; FAKE;0.46; REAL; Wrong prediction
472_511_140_face0.jpeg; FAKE;0.46; REAL; Wrong prediction
472_511_340_face0.jpeg; FAKE;0.33; REAL; Wrong prediction
473_366_120_face0.jpeg; FAKE;0.06; REAL; Wrong prediction
473_366_140_face0.jpeg; FAKE;0.07; REAL; Wrong prediction
473_366_500_face0.jpeg; FAKE;0.04; REAL; Wrong prediction
477_487_240_face0.jpeg; FAKE;0.49; REAL; Wrong prediction
478_506_200_face0.jpeg; FAKE;0.47; REAL; Wrong prediction
483_370_240_face0.jpeg; FAKE;0.12; REAL; Wrong prediction
483_370_320_face0.jpeg; FAKE;0.09; REAL; Wrong prediction
485_425_020_face0.jpeg; FAKE;0.30; REAL; Wrong prediction
485_425_300_face0.jpeg; FAKE;0.42; REAL; Wrong prediction
486_680_100_face0.jpeg; FAKE;0.05; REAL; Wrong prediction
486_680_240_face0.jpeg; FAKE;0.11; REAL; Wrong prediction
486_680_560_face0.jpeg; FAKE;0.04; REAL; Wrong prediction
489_140_face0.jpeg; REAL;0.78; FAKE; Wrong prediction
491_226_040_face0.jpeg; FAKE;0.34; REAL; Wrong prediction
492_325_040_face0.jpeg; FAKE;0.05; REAL; Wrong prediction
493_538_240_face0.jpeg; FAKE;0.45; REAL; Wrong prediction
494_445_780_face0.jpeg; FAKE;0.43; REAL; Wrong prediction
496_417_340_face0.jpeg; FAKE;0.07; REAL; Wrong prediction
496_417_620_face0.jpeg; FAKE;0.11; REAL; Wrong prediction
496_417_920_face0.jpeg; FAKE;0.04; REAL; Wrong prediction
497_403_260_face0.jpeg; FAKE;0.08; REAL; Wrong prediction
499_539_380_face0.jpeg; FAKE;0.31; REAL; Wrong prediction
500_592_180_face0.jpeg; FAKE;0.16; REAL; Wrong prediction
502_504_240_face0.jpeg; FAKE;0.27; REAL; Wrong prediction
504_502_080_face0.jpeg; FAKE;0.45; REAL; Wrong prediction
505_600_060_face0.jpeg; FAKE;0.38; REAL; Wrong prediction
505_600_480_face0.jpeg; FAKE;0.28; REAL; Wrong prediction
506_020_face0.jpeg; REAL;0.57; FAKE; Wrong prediction
510_528_180_face0.jpeg; FAKE;0.37; REAL; Wrong prediction
510_528_300_face0.jpeg; FAKE;0.15; REAL; Wrong prediction
510_528_320_face0.jpeg; FAKE;0.12; REAL; Wrong prediction
512_120_face0.jpeg; REAL;0.52; FAKE; Wrong prediction
512_495_480_face0.jpeg; FAKE;0.22; REAL; Wrong prediction
514_443_200_face0.jpeg; FAKE;0.25; REAL; Wrong prediction
514_443_340_face0.jpeg; FAKE;0.12; REAL; Wrong prediction
515_519_300_face0.jpeg; FAKE;0.40; REAL; Wrong prediction
517_521_000_face0.jpeg; FAKE;0.04; REAL; Wrong prediction
517_521_160_face0.jpeg; FAKE;0.26; REAL; Wrong prediction
517_521_340_face0.jpeg; FAKE;0.02; REAL; Wrong prediction
518_131_040_face0.jpeg; FAKE;0.25; REAL; Wrong prediction
518_131_100_face0.jpeg; FAKE;0.08; REAL; Wrong prediction
518_131_120_face0.jpeg; FAKE;0.06; REAL; Wrong prediction
519_320_face0.jpeg; REAL;0.70; FAKE; Wrong prediction
522_337_020_face0.jpeg; FAKE;0.18; REAL; Wrong prediction
522_337_120_face0.jpeg; FAKE;0.13; REAL; Wrong prediction
522_337_200_face0.jpeg; FAKE;0.08; REAL; Wrong prediction
522_337_360_face0.jpeg; FAKE;0.07; REAL; Wrong prediction
522_337_500_face0.jpeg; FAKE;0.02; REAL; Wrong prediction
524_580_260_face0.jpeg; FAKE;0.19; REAL; Wrong prediction
524_580_280_face0.jpeg; FAKE;0.02; REAL; Wrong prediction
525_509_120_face0.jpeg; FAKE;0.04; REAL; Wrong prediction
529_633_200_face0.jpeg; FAKE;0.07; REAL; Wrong prediction
530_120_face0.jpeg; REAL;0.84; FAKE; Wrong prediction
532_544_140_face0.jpeg; FAKE;0.39; REAL; Wrong prediction
532_544_280_face0.jpeg; FAKE;0.39; REAL; Wrong prediction
532_544_340_face0.jpeg; FAKE;0.03; REAL; Wrong prediction
536_540_060_face0.jpeg; FAKE;0.29; REAL; Wrong prediction
536_540_560_face0.jpeg; FAKE;0.04; REAL; Wrong prediction
539_499_020_face0.jpeg; FAKE;0.41; REAL; Wrong prediction
539_499_060_face0.jpeg; FAKE;0.21; REAL; Wrong prediction
539_499_300_face0.jpeg; FAKE;0.04; REAL; Wrong prediction
540_536_360_face0.jpeg; FAKE;0.17; REAL; Wrong prediction
540_536_400_face0.jpeg; FAKE;0.39; REAL; Wrong prediction
540_536_720_face0.jpeg; FAKE;0.02; REAL; Wrong prediction
540_536_920_face0.jpeg; FAKE;0.33; REAL; Wrong prediction
542_520_100_face0.jpeg; FAKE;0.11; REAL; Wrong prediction
542_520_160_face0.jpeg; FAKE;0.08; REAL; Wrong prediction
544_532_120_face0.jpeg; FAKE;0.34; REAL; Wrong prediction
544_532_240_face0.jpeg; FAKE;0.35; REAL; Wrong prediction
545_160_face0.jpeg; REAL;0.52; FAKE; Wrong prediction
545_553_140_face0.jpeg; FAKE;0.10; REAL; Wrong prediction
545_553_280_face0.jpeg; FAKE;0.42; REAL; Wrong prediction
546_621_520_face0.jpeg; FAKE;0.02; REAL; Wrong prediction
547_574_000_face0.jpeg; FAKE;0.13; REAL; Wrong prediction
548_632_000_face0.jpeg; FAKE;0.07; REAL; Wrong prediction
548_632_040_face0.jpeg; FAKE;0.08; REAL; Wrong prediction
548_632_120_face0.jpeg; FAKE;0.08; REAL; Wrong prediction
548_632_280_face0.jpeg; FAKE;0.08; REAL; Wrong prediction
548_632_340_face0.jpeg; FAKE;0.08; REAL; Wrong prediction
548_632_380_face0.jpeg; FAKE;0.07; REAL; Wrong prediction
548_632_540_face0.jpeg; FAKE;0.07; REAL; Wrong prediction
548_632_560_face0.jpeg; FAKE;0.07; REAL; Wrong prediction
549_080_face0.jpeg; REAL;0.53; FAKE; Wrong prediction
551_631_420_face0.jpeg; FAKE;0.44; REAL; Wrong prediction
554_572_060_face0.jpeg; FAKE;0.09; REAL; Wrong prediction
554_572_140_face0.jpeg; FAKE;0.09; REAL; Wrong prediction
554_572_180_face0.jpeg; FAKE;0.09; REAL; Wrong prediction
554_572_240_face0.jpeg; FAKE;0.09; REAL; Wrong prediction
554_572_280_face0.jpeg; FAKE;0.10; REAL; Wrong prediction
554_572_400_face0.jpeg; FAKE;0.01; REAL; Wrong prediction
554_572_440_face0.jpeg; FAKE;0.10; REAL; Wrong prediction
554_572_620_face0.jpeg; FAKE;0.09; REAL; Wrong prediction
554_572_680_face0.jpeg; FAKE;0.09; REAL; Wrong prediction
554_572_720_face0.jpeg; FAKE;0.09; REAL; Wrong prediction
554_572_760_face0.jpeg; FAKE;0.09; REAL; Wrong prediction
554_572_820_face0.jpeg; FAKE;0.09; REAL; Wrong prediction
555_560_face0.jpeg; REAL;0.80; FAKE; Wrong prediction
556_588_080_face0.jpeg; FAKE;0.41; REAL; Wrong prediction
557_560_160_face0.jpeg; FAKE;0.10; REAL; Wrong prediction
560_557_200_face0.jpeg; FAKE;0.38; REAL; Wrong prediction
563_537_180_face0.jpeg; FAKE;0.37; REAL; Wrong prediction
567_606_180_face0.jpeg; FAKE;0.18; REAL; Wrong prediction
568_260_face0.jpeg; REAL;0.88; FAKE; Wrong prediction
572_554_080_face0.jpeg; FAKE;0.24; REAL; Wrong prediction
573_000_face0.jpeg; REAL;0.82; FAKE; Wrong prediction
573_220_face0.jpeg; REAL;0.82; FAKE; Wrong prediction
573_260_face0.jpeg; REAL;0.71; FAKE; Wrong prediction
574_547_240_face0.jpeg; FAKE;0.08; REAL; Wrong prediction
578_636_560_face0.jpeg; FAKE;0.40; REAL; Wrong prediction
582_172_300_face0.jpeg; FAKE;0.22; REAL; Wrong prediction
583_558_200_face0.jpeg; FAKE;0.05; REAL; Wrong prediction
583_558_420_face0.jpeg; FAKE;0.14; REAL; Wrong prediction
587_060_face0.jpeg; REAL;0.56; FAKE; Wrong prediction
587_535_220_face0.jpeg; FAKE;0.07; REAL; Wrong prediction
587_620_face0.jpeg; REAL;0.66; FAKE; Wrong prediction
588_556_060_face0.jpeg; FAKE;0.33; REAL; Wrong prediction
590_034_060_face0.jpeg; FAKE;0.12; REAL; Wrong prediction
593_577_500_face0.jpeg; FAKE;0.39; REAL; Wrong prediction
597_595_120_face0.jpeg; FAKE;0.09; REAL; Wrong prediction
599_340_face0.jpeg; REAL;0.69; FAKE; Wrong prediction
599_585_200_face0.jpeg; FAKE;0.47; REAL; Wrong prediction
602_397_000_face0.jpeg; FAKE;0.04; REAL; Wrong prediction
602_397_380_face0.jpeg; FAKE;0.13; REAL; Wrong prediction
607_683_340_face0.jpeg; FAKE;0.45; REAL; Wrong prediction
608_220_face0.jpeg; REAL;0.54; FAKE; Wrong prediction
608_675_300_face0.jpeg; FAKE;0.15; REAL; Wrong prediction
608_675_400_face0.jpeg; FAKE;0.15; REAL; Wrong prediction
608_675_760_face0.jpeg; FAKE;0.25; REAL; Wrong prediction
613_685_320_face0.jpeg; FAKE;0.32; REAL; Wrong prediction
617_000_face0.jpeg; REAL;0.97; FAKE; Wrong prediction
617_566_280_face0.jpeg; FAKE;0.00; REAL; Wrong prediction
619_620_060_face0.jpeg; FAKE;0.27; REAL; Wrong prediction
619_620_120_face0.jpeg; FAKE;0.03; REAL; Wrong prediction
620_619_400_face0.jpeg; FAKE;0.43; REAL; Wrong prediction
627_000_face0.jpeg; REAL;0.79; FAKE; Wrong prediction
628_568_020_face0.jpeg; FAKE;0.35; REAL; Wrong prediction
628_568_040_face0.jpeg; FAKE;0.07; REAL; Wrong prediction
628_568_100_face0.jpeg; FAKE;0.26; REAL; Wrong prediction
628_568_120_face0.jpeg; FAKE;0.28; REAL; Wrong prediction
628_568_160_face0.jpeg; FAKE;0.22; REAL; Wrong prediction
629_618_740_face0.jpeg; FAKE;0.44; REAL; Wrong prediction
630_623_000_face0.jpeg; FAKE;0.38; REAL; Wrong prediction
630_623_280_face0.jpeg; FAKE;0.15; REAL; Wrong prediction
631_551_220_face0.jpeg; FAKE;0.26; REAL; Wrong prediction
632_180_face0.jpeg; REAL;0.71; FAKE; Wrong prediction
632_548_140_face0.jpeg; FAKE;0.11; REAL; Wrong prediction
635_642_080_face0.jpeg; FAKE;0.08; REAL; Wrong prediction
635_642_160_face0.jpeg; FAKE;0.46; REAL; Wrong prediction
636_578_040_face0.jpeg; FAKE;0.31; REAL; Wrong prediction
636_578_060_face0.jpeg; FAKE;0.49; REAL; Wrong prediction
636_578_300_face0.jpeg; FAKE;0.04; REAL; Wrong prediction
636_578_320_face0.jpeg; FAKE;0.02; REAL; Wrong prediction
637_427_400_face0.jpeg; FAKE;0.17; REAL; Wrong prediction
639_841_020_face0.jpeg; FAKE;0.05; REAL; Wrong prediction
640_638_000_face0.jpeg; FAKE;0.28; REAL; Wrong prediction
640_638_160_face0.jpeg; FAKE;0.13; REAL; Wrong prediction
641_662_180_face0.jpeg; FAKE;0.37; REAL; Wrong prediction
642_635_200_face0.jpeg; FAKE;0.14; REAL; Wrong prediction
643_646_040_face0.jpeg; FAKE;0.07; REAL; Wrong prediction
644_020_face0.jpeg; REAL;0.69; FAKE; Wrong prediction
644_657_040_face0.jpeg; FAKE;0.07; REAL; Wrong prediction
645_688_200_face0.jpeg; FAKE;0.03; REAL; Wrong prediction
645_688_220_face0.jpeg; FAKE;0.00; REAL; Wrong prediction
645_688_420_face0.jpeg; FAKE;0.04; REAL; Wrong prediction
645_688_540_face0.jpeg; FAKE;0.04; REAL; Wrong prediction
646_643_320_face0.jpeg; FAKE;0.13; REAL; Wrong prediction
647_622_040_face0.jpeg; FAKE;0.21; REAL; Wrong prediction
647_622_100_face0.jpeg; FAKE;0.36; REAL; Wrong prediction
647_622_600_face0.jpeg; FAKE;0.48; REAL; Wrong prediction
648_654_200_face0.jpeg; FAKE;0.10; REAL; Wrong prediction
651_835_220_face0.jpeg; FAKE;0.18; REAL; Wrong prediction
653_601_300_face0.jpeg; FAKE;0.15; REAL; Wrong prediction
656_666_100_face0.jpeg; FAKE;0.35; REAL; Wrong prediction
657_644_020_face0.jpeg; FAKE;0.01; REAL; Wrong prediction
657_644_360_face0.jpeg; FAKE;0.39; REAL; Wrong prediction
657_644_520_face0.jpeg; FAKE;0.39; REAL; Wrong prediction
659_749_440_face0.jpeg; FAKE;0.13; REAL; Wrong prediction
659_749_540_face0.jpeg; FAKE;0.07; REAL; Wrong prediction
661_670_240_face0.jpeg; FAKE;0.16; REAL; Wrong prediction
661_670_280_face0.jpeg; FAKE;0.17; REAL; Wrong prediction
661_670_380_face0.jpeg; FAKE;0.04; REAL; Wrong prediction
668_664_000_face0.jpeg; FAKE;0.05; REAL; Wrong prediction
668_664_040_face0.jpeg; FAKE;0.48; REAL; Wrong prediction
669_682_220_face0.jpeg; FAKE;0.36; REAL; Wrong prediction
669_682_460_face0.jpeg; FAKE;0.14; REAL; Wrong prediction
673_728_460_face0.jpeg; FAKE;0.33; REAL; Wrong prediction
674_744_240_face0.jpeg; FAKE;0.17; REAL; Wrong prediction
675_608_060_face0.jpeg; FAKE;0.14; REAL; Wrong prediction
676_776_160_face0.jpeg; FAKE;0.19; REAL; Wrong prediction
680_486_180_face0.jpeg; FAKE;0.26; REAL; Wrong prediction
681_711_680_face0.jpeg; FAKE;0.24; REAL; Wrong prediction
685_613_060_face0.jpeg; FAKE;0.07; REAL; Wrong prediction
685_613_100_face0.jpeg; FAKE;0.35; REAL; Wrong prediction
685_613_160_face0.jpeg; FAKE;0.08; REAL; Wrong prediction
685_613_240_face0.jpeg; FAKE;0.04; REAL; Wrong prediction
685_613_340_face0.jpeg; FAKE;0.38; REAL; Wrong prediction
686_696_240_face0.jpeg; FAKE;0.47; REAL; Wrong prediction
687_615_340_face0.jpeg; FAKE;0.02; REAL; Wrong prediction
688_020_face0.jpeg; REAL;0.89; FAKE; Wrong prediction
695_422_020_face0.jpeg; FAKE;0.13; REAL; Wrong prediction
695_422_040_face0.jpeg; FAKE;0.04; REAL; Wrong prediction
695_422_160_face0.jpeg; FAKE;0.02; REAL; Wrong prediction
698_693_060_face0.jpeg; FAKE;0.03; REAL; Wrong prediction
700_813_160_face0.jpeg; FAKE;0.48; REAL; Wrong prediction
700_813_260_face0.jpeg; FAKE;0.46; REAL; Wrong prediction
701_579_320_face0.jpeg; FAKE;0.13; REAL; Wrong prediction
702_612_180_face0.jpeg; FAKE;0.42; REAL; Wrong prediction
702_612_240_face0.jpeg; FAKE;0.48; REAL; Wrong prediction
702_612_400_face0.jpeg; FAKE;0.48; REAL; Wrong prediction
703_604_260_face0.jpeg; FAKE;0.47; REAL; Wrong prediction
704_723_180_face0.jpeg; FAKE;0.20; REAL; Wrong prediction
704_723_220_face0.jpeg; FAKE;0.40; REAL; Wrong prediction
707_705_020_face0.jpeg; FAKE;0.46; REAL; Wrong prediction
707_705_760_face0.jpeg; FAKE;0.17; REAL; Wrong prediction
708_772_460_face0.jpeg; FAKE;0.48; REAL; Wrong prediction
712_716_140_face0.jpeg; FAKE;0.43; REAL; Wrong prediction
715_260_face0.jpeg; REAL;0.67; FAKE; Wrong prediction
715_721_700_face0.jpeg; FAKE;0.32; REAL; Wrong prediction
715_820_face0.jpeg; REAL;0.91; FAKE; Wrong prediction
716_712_080_face0.jpeg; FAKE;0.03; REAL; Wrong prediction
716_712_340_face0.jpeg; FAKE;0.00; REAL; Wrong prediction
716_712_360_face0.jpeg; FAKE;0.03; REAL; Wrong prediction
717_684_120_face0.jpeg; FAKE;0.31; REAL; Wrong prediction
717_684_260_face0.jpeg; FAKE;0.33; REAL; Wrong prediction
718_972_020_face0.jpeg; FAKE;0.23; REAL; Wrong prediction
718_972_040_face0.jpeg; FAKE;0.40; REAL; Wrong prediction
720_672_120_face0.jpeg; FAKE;0.01; REAL; Wrong prediction
720_672_360_face0.jpeg; FAKE;0.14; REAL; Wrong prediction
722_340_face0.jpeg; REAL;0.75; FAKE; Wrong prediction
722_458_160_face0.jpeg; FAKE;0.22; REAL; Wrong prediction
727_729_100_face0.jpeg; FAKE;0.25; REAL; Wrong prediction
727_729_240_face0.jpeg; FAKE;0.35; REAL; Wrong prediction
727_729_420_face0.jpeg; FAKE;0.29; REAL; Wrong prediction
728_673_120_face0.jpeg; FAKE;0.19; REAL; Wrong prediction
728_673_240_face0.jpeg; FAKE;0.41; REAL; Wrong prediction
728_673_340_face0.jpeg; FAKE;0.45; REAL; Wrong prediction
729_280_face0.jpeg; REAL;0.60; FAKE; Wrong prediction
731_741_120_face0.jpeg; FAKE;0.03; REAL; Wrong prediction
734_140_face0.jpeg; REAL;0.94; FAKE; Wrong prediction
734_160_face0.jpeg; REAL;0.80; FAKE; Wrong prediction
734_699_380_face0.jpeg; FAKE;0.11; REAL; Wrong prediction
736_785_080_face0.jpeg; FAKE;0.03; REAL; Wrong prediction
736_785_360_face0.jpeg; FAKE;0.05; REAL; Wrong prediction
737_719_340_face0.jpeg; FAKE;0.04; REAL; Wrong prediction
742_775_240_face0.jpeg; FAKE;0.20; REAL; Wrong prediction
744_180_face0.jpeg; REAL;0.95; FAKE; Wrong prediction
746_571_080_face0.jpeg; FAKE;0.21; REAL; Wrong prediction
746_571_100_face0.jpeg; FAKE;0.13; REAL; Wrong prediction
746_571_320_face0.jpeg; FAKE;0.32; REAL; Wrong prediction
749_120_face0.jpeg; REAL;0.80; FAKE; Wrong prediction
752_751_320_face0.jpeg; FAKE;0.46; REAL; Wrong prediction
752_751_920_face0.jpeg; FAKE;0.24; REAL; Wrong prediction
756_503_160_face0.jpeg; FAKE;0.21; REAL; Wrong prediction
756_503_400_face0.jpeg; FAKE;0.29; REAL; Wrong prediction
757_573_020_face0.jpeg; FAKE;0.25; REAL; Wrong prediction
757_573_080_face0.jpeg; FAKE;0.10; REAL; Wrong prediction
757_573_260_face0.jpeg; FAKE;0.39; REAL; Wrong prediction
757_573_340_face0.jpeg; FAKE;0.26; REAL; Wrong prediction
759_755_000_face0.jpeg; FAKE;0.38; REAL; Wrong prediction
760_611_080_face0.jpeg; FAKE;0.03; REAL; Wrong prediction
760_611_160_face0.jpeg; FAKE;0.07; REAL; Wrong prediction
762_832_280_face0.jpeg; FAKE;0.12; REAL; Wrong prediction
764_850_120_face0.jpeg; FAKE;0.13; REAL; Wrong prediction
764_850_160_face0.jpeg; FAKE;0.13; REAL; Wrong prediction
765_867_040_face0.jpeg; FAKE;0.14; REAL; Wrong prediction
765_867_120_face0.jpeg; FAKE;0.32; REAL; Wrong prediction
765_867_140_face0.jpeg; FAKE;0.32; REAL; Wrong prediction
767_694_020_face0.jpeg; FAKE;0.40; REAL; Wrong prediction
767_694_180_face0.jpeg; FAKE;0.20; REAL; Wrong prediction
767_694_200_face0.jpeg; FAKE;0.37; REAL; Wrong prediction
768_120_face0.jpeg; REAL;0.61; FAKE; Wrong prediction
771_849_580_face0.jpeg; FAKE;0.18; REAL; Wrong prediction
777_745_140_face0.jpeg; FAKE;0.06; REAL; Wrong prediction
777_745_300_face0.jpeg; FAKE;0.40; REAL; Wrong prediction
779_080_face0.jpeg; REAL;0.70; FAKE; Wrong prediction
784_769_100_face0.jpeg; FAKE;0.32; REAL; Wrong prediction
784_769_140_face0.jpeg; FAKE;0.21; REAL; Wrong prediction
784_769_280_face0.jpeg; FAKE;0.34; REAL; Wrong prediction
784_769_400_face0.jpeg; FAKE;0.04; REAL; Wrong prediction
787_782_080_face0.jpeg; FAKE;0.42; REAL; Wrong prediction
787_782_320_face0.jpeg; FAKE;0.03; REAL; Wrong prediction
787_782_480_face0.jpeg; FAKE;0.33; REAL; Wrong prediction
788_710_180_face0.jpeg; FAKE;0.36; REAL; Wrong prediction
788_710_260_face0.jpeg; FAKE;0.47; REAL; Wrong prediction
788_710_360_face0.jpeg; FAKE;0.49; REAL; Wrong prediction
794_779_200_face0.jpeg; FAKE;0.19; REAL; Wrong prediction
795_907_420_face0.jpeg; FAKE;0.38; REAL; Wrong prediction
795_907_460_face0.jpeg; FAKE;0.15; REAL; Wrong prediction
796_740_200_face0.jpeg; FAKE;0.20; REAL; Wrong prediction
796_740_240_face0.jpeg; FAKE;0.43; REAL; Wrong prediction
796_740_420_face0.jpeg; FAKE;0.02; REAL; Wrong prediction
799_809_1140_face0.jpeg; FAKE;0.48; REAL; Wrong prediction
801_855_200_face0.jpeg; FAKE;0.20; REAL; Wrong prediction
801_855_440_face0.jpeg; FAKE;0.09; REAL; Wrong prediction
802_885_040_face0.jpeg; FAKE;0.26; REAL; Wrong prediction
802_885_260_face0.jpeg; FAKE;0.34; REAL; Wrong prediction
806_781_000_face0.jpeg; FAKE;0.07; REAL; Wrong prediction
806_781_040_face0.jpeg; FAKE;0.30; REAL; Wrong prediction
806_781_120_face0.jpeg; FAKE;0.35; REAL; Wrong prediction
807_273_180_face0.jpeg; FAKE;0.19; REAL; Wrong prediction
808_829_600_face0.jpeg; FAKE;0.05; REAL; Wrong prediction
811_920_020_face0.jpeg; FAKE;0.07; REAL; Wrong prediction
811_920_460_face0.jpeg; FAKE;0.32; REAL; Wrong prediction
812_821_000_face0.jpeg; FAKE;0.00; REAL; Wrong prediction
815_730_280_face0.jpeg; FAKE;0.46; REAL; Wrong prediction
817_827_060_face0.jpeg; FAKE;0.06; REAL; Wrong prediction
819_786_500_face0.jpeg; FAKE;0.32; REAL; Wrong prediction
820_818_180_face0.jpeg; FAKE;0.39; REAL; Wrong prediction
821_812_300_face0.jpeg; FAKE;0.18; REAL; Wrong prediction
824_419_500_face0.jpeg; FAKE;0.00; REAL; Wrong prediction
826_833_280_face0.jpeg; FAKE;0.12; REAL; Wrong prediction
828_830_180_face0.jpeg; FAKE;0.01; REAL; Wrong prediction
828_830_200_face0.jpeg; FAKE;0.07; REAL; Wrong prediction
829_808_120_face0.jpeg; FAKE;0.10; REAL; Wrong prediction
829_808_160_face0.jpeg; FAKE;0.07; REAL; Wrong prediction
833_000_face0.jpeg; REAL;0.85; FAKE; Wrong prediction
835_651_080_face0.jpeg; FAKE;0.19; REAL; Wrong prediction
836_950_020_face0.jpeg; FAKE;0.30; REAL; Wrong prediction
836_950_080_face0.jpeg; FAKE;0.31; REAL; Wrong prediction
836_950_140_face0.jpeg; FAKE;0.21; REAL; Wrong prediction
836_950_280_face0.jpeg; FAKE;0.21; REAL; Wrong prediction
836_950_320_face0.jpeg; FAKE;0.34; REAL; Wrong prediction
838_810_100_face0.jpeg; FAKE;0.50; REAL; Wrong prediction
838_810_240_face0.jpeg; FAKE;0.02; REAL; Wrong prediction
838_810_300_face0.jpeg; FAKE;0.15; REAL; Wrong prediction
840_800_180_face0.jpeg; FAKE;0.12; REAL; Wrong prediction
840_800_340_face0.jpeg; FAKE;0.29; REAL; Wrong prediction
840_800_620_face0.jpeg; FAKE;0.01; REAL; Wrong prediction
845_846_140_face0.jpeg; FAKE;0.38; REAL; Wrong prediction
846_240_face0.jpeg; REAL;0.58; FAKE; Wrong prediction
847_000_face0.jpeg; REAL;0.50; FAKE; Wrong prediction
847_906_060_face0.jpeg; FAKE;0.37; REAL; Wrong prediction
847_906_100_face0.jpeg; FAKE;0.19; REAL; Wrong prediction
850_764_280_face0.jpeg; FAKE;0.18; REAL; Wrong prediction
850_764_520_face0.jpeg; FAKE;0.15; REAL; Wrong prediction
853_863_440_face0.jpeg; FAKE;0.48; REAL; Wrong prediction
853_863_560_face0.jpeg; FAKE;0.35; REAL; Wrong prediction
853_863_580_face0.jpeg; FAKE;0.45; REAL; Wrong prediction
858_861_140_face0.jpeg; FAKE;0.01; REAL; Wrong prediction
858_861_260_face0.jpeg; FAKE;0.28; REAL; Wrong prediction
859_843_240_face0.jpeg; FAKE;0.28; REAL; Wrong prediction
860_905_000_face0.jpeg; FAKE;0.00; REAL; Wrong prediction
860_905_220_face0.jpeg; FAKE;0.28; REAL; Wrong prediction
860_905_340_face0.jpeg; FAKE;0.28; REAL; Wrong prediction
866_878_000_face0.jpeg; FAKE;0.48; REAL; Wrong prediction
866_878_300_face0.jpeg; FAKE;0.19; REAL; Wrong prediction
866_878_320_face0.jpeg; FAKE;0.15; REAL; Wrong prediction
866_878_340_face0.jpeg; FAKE;0.14; REAL; Wrong prediction
866_878_420_face0.jpeg; FAKE;0.12; REAL; Wrong prediction
869_120_face0.jpeg; REAL;0.98; FAKE; Wrong prediction
869_780_080_face0.jpeg; FAKE;0.48; REAL; Wrong prediction
870_001_000_face0.jpeg; FAKE;0.39; REAL; Wrong prediction
870_001_060_face0.jpeg; FAKE;0.03; REAL; Wrong prediction
870_001_360_face0.jpeg; FAKE;0.05; REAL; Wrong prediction
870_001_460_face0.jpeg; FAKE;0.17; REAL; Wrong prediction
870_001_580_face0.jpeg; FAKE;0.26; REAL; Wrong prediction
870_400_face0.jpeg; REAL;0.60; FAKE; Wrong prediction
873_872_220_face0.jpeg; FAKE;0.47; REAL; Wrong prediction
873_872_500_face0.jpeg; FAKE;0.16; REAL; Wrong prediction
874_291_020_face0.jpeg; FAKE;0.50; REAL; Wrong prediction
874_291_160_face0.jpeg; FAKE;0.35; REAL; Wrong prediction
878_866_180_face0.jpeg; FAKE;0.38; REAL; Wrong prediction
878_866_220_face0.jpeg; FAKE;0.39; REAL; Wrong prediction
879_963_000_face0.jpeg; FAKE;0.21; REAL; Wrong prediction
879_963_460_face0.jpeg; FAKE;0.13; REAL; Wrong prediction
879_963_500_face0.jpeg; FAKE;0.09; REAL; Wrong prediction
879_963_640_face0.jpeg; FAKE;0.46; REAL; Wrong prediction
879_963_680_face0.jpeg; FAKE;0.26; REAL; Wrong prediction
880_135_000_face0.jpeg; FAKE;0.26; REAL; Wrong prediction
880_135_080_face0.jpeg; FAKE;0.37; REAL; Wrong prediction
880_135_120_face0.jpeg; FAKE;0.34; REAL; Wrong prediction
881_856_060_face0.jpeg; FAKE;0.01; REAL; Wrong prediction
881_856_240_face0.jpeg; FAKE;0.16; REAL; Wrong prediction
881_856_300_face0.jpeg; FAKE;0.25; REAL; Wrong prediction
881_856_320_face0.jpeg; FAKE;0.08; REAL; Wrong prediction
886_877_020_face0.jpeg; FAKE;0.08; REAL; Wrong prediction
887_275_080_face0.jpeg; FAKE;0.34; REAL; Wrong prediction
890_837_220_face0.jpeg; FAKE;0.04; REAL; Wrong prediction
890_837_240_face0.jpeg; FAKE;0.02; REAL; Wrong prediction
890_837_280_face0.jpeg; FAKE;0.09; REAL; Wrong prediction
890_837_300_face0.jpeg; FAKE;0.21; REAL; Wrong prediction
891_876_040_face0.jpeg; FAKE;0.32; REAL; Wrong prediction
892_112_080_face0.jpeg; FAKE;0.01; REAL; Wrong prediction
896_128_260_face0.jpeg; FAKE;0.32; REAL; Wrong prediction
896_200_face0.jpeg; REAL;0.77; FAKE; Wrong prediction
896_360_face0.jpeg; REAL;0.77; FAKE; Wrong prediction
897_969_240_face0.jpeg; FAKE;0.14; REAL; Wrong prediction
898_922_080_face0.jpeg; FAKE;0.09; REAL; Wrong prediction
898_922_100_face0.jpeg; FAKE;0.06; REAL; Wrong prediction
898_922_240_face0.jpeg; FAKE;0.04; REAL; Wrong prediction
900_926_280_face0.jpeg; FAKE;0.28; REAL; Wrong prediction
901_902_220_face0.jpeg; FAKE;0.08; REAL; Wrong prediction
901_902_360_face0.jpeg; FAKE;0.14; REAL; Wrong prediction
903_360_face0.jpeg; REAL;0.72; FAKE; Wrong prediction
907_795_120_face0.jpeg; FAKE;0.12; REAL; Wrong prediction
907_795_480_face0.jpeg; FAKE;0.38; REAL; Wrong prediction
908_207_220_face0.jpeg; FAKE;0.11; REAL; Wrong prediction
908_207_280_face0.jpeg; FAKE;0.46; REAL; Wrong prediction
908_207_600_face0.jpeg; FAKE;0.04; REAL; Wrong prediction
909_857_360_face0.jpeg; FAKE;0.12; REAL; Wrong prediction
910_911_080_face0.jpeg; FAKE;0.02; REAL; Wrong prediction
910_911_180_face0.jpeg; FAKE;0.12; REAL; Wrong prediction
911_910_000_face0.jpeg; FAKE;0.16; REAL; Wrong prediction
911_910_160_face0.jpeg; FAKE;0.18; REAL; Wrong prediction
912_927_280_face0.jpeg; FAKE;0.01; REAL; Wrong prediction
912_927_460_face0.jpeg; FAKE;0.12; REAL; Wrong prediction
912_927_500_face0.jpeg; FAKE;0.02; REAL; Wrong prediction
912_927_580_face0.jpeg; FAKE;0.03; REAL; Wrong prediction
913_893_600_face0.jpeg; FAKE;0.16; REAL; Wrong prediction
914_899_080_face0.jpeg; FAKE;0.03; REAL; Wrong prediction
914_899_220_face0.jpeg; FAKE;0.44; REAL; Wrong prediction
915_895_200_face0.jpeg; FAKE;0.44; REAL; Wrong prediction
917_924_060_face0.jpeg; FAKE;0.13; REAL; Wrong prediction
917_924_240_face0.jpeg; FAKE;0.06; REAL; Wrong prediction
918_160_face0.jpeg; REAL;0.75; FAKE; Wrong prediction
918_180_face0.jpeg; REAL;0.76; FAKE; Wrong prediction
918_934_020_face0.jpeg; FAKE;0.01; REAL; Wrong prediction
918_934_240_face0.jpeg; FAKE;0.48; REAL; Wrong prediction
918_934_420_face0.jpeg; FAKE;0.48; REAL; Wrong prediction
918_934_440_face0.jpeg; FAKE;0.18; REAL; Wrong prediction
919_015_420_face0.jpeg; FAKE;0.44; REAL; Wrong prediction
921_569_060_face0.jpeg; FAKE;0.20; REAL; Wrong prediction
922_440_face0.jpeg; REAL;0.74; FAKE; Wrong prediction
926_900_280_face0.jpeg; FAKE;0.11; REAL; Wrong prediction
927_912_180_face0.jpeg; FAKE;0.39; REAL; Wrong prediction
929_962_300_face0.jpeg; FAKE;0.14; REAL; Wrong prediction
929_962_360_face0.jpeg; FAKE;0.30; REAL; Wrong prediction
930_763_420_face0.jpeg; FAKE;0.03; REAL; Wrong prediction
933_140_face0.jpeg; REAL;0.52; FAKE; Wrong prediction
934_918_340_face0.jpeg; FAKE;0.21; REAL; Wrong prediction
935_500_face0.jpeg; REAL;0.67; FAKE; Wrong prediction
935_733_020_face0.jpeg; FAKE;0.43; REAL; Wrong prediction
936_931_060_face0.jpeg; FAKE;0.25; REAL; Wrong prediction
936_931_180_face0.jpeg; FAKE;0.11; REAL; Wrong prediction
936_931_240_face0.jpeg; FAKE;0.01; REAL; Wrong prediction
938_987_260_face0.jpeg; FAKE;0.05; REAL; Wrong prediction
942_943_140_face0.jpeg; FAKE;0.11; REAL; Wrong prediction
942_943_200_face0.jpeg; FAKE;0.31; REAL; Wrong prediction
942_943_320_face0.jpeg; FAKE;0.18; REAL; Wrong prediction
942_943_360_face0.jpeg; FAKE;0.12; REAL; Wrong prediction
942_943_380_face0.jpeg; FAKE;0.33; REAL; Wrong prediction
942_943_440_face0.jpeg; FAKE;0.12; REAL; Wrong prediction
943_942_200_face0.jpeg; FAKE;0.10; REAL; Wrong prediction
943_942_320_face0.jpeg; FAKE;0.02; REAL; Wrong prediction
943_942_400_face0.jpeg; FAKE;0.01; REAL; Wrong prediction
945_000_face0.jpeg; REAL;0.96; FAKE; Wrong prediction
945_044_160_face0.jpeg; FAKE;0.39; REAL; Wrong prediction
945_044_380_face0.jpeg; FAKE;0.40; REAL; Wrong prediction
946_049_200_face0.jpeg; FAKE;0.46; REAL; Wrong prediction
948_965_120_face0.jpeg; FAKE;0.43; REAL; Wrong prediction
949_868_540_face0.jpeg; FAKE;0.07; REAL; Wrong prediction
950_600_face0.jpeg; REAL;0.61; FAKE; Wrong prediction
951_947_120_face0.jpeg; FAKE;0.02; REAL; Wrong prediction
951_947_200_face0.jpeg; FAKE;0.32; REAL; Wrong prediction
951_947_320_face0.jpeg; FAKE;0.29; REAL; Wrong prediction
951_947_560_face0.jpeg; FAKE;0.19; REAL; Wrong prediction
951_947_720_face0.jpeg; FAKE;0.04; REAL; Wrong prediction
952_882_560_face0.jpeg; FAKE;0.22; REAL; Wrong prediction
952_882_580_face0.jpeg; FAKE;0.19; REAL; Wrong prediction
952_882_660_face0.jpeg; FAKE;0.23; REAL; Wrong prediction
954_976_220_face0.jpeg; FAKE;0.34; REAL; Wrong prediction
955_078_420_face0.jpeg; FAKE;0.26; REAL; Wrong prediction
956_280_face0.jpeg; REAL;0.52; FAKE; Wrong prediction
957_959_260_face0.jpeg; FAKE;0.32; REAL; Wrong prediction
958_956_200_face0.jpeg; FAKE;0.13; REAL; Wrong prediction
960_999_280_face0.jpeg; FAKE;0.00; REAL; Wrong prediction
961_069_320_face0.jpeg; FAKE;0.00; REAL; Wrong prediction
965_948_320_face0.jpeg; FAKE;0.18; REAL; Wrong prediction
965_948_340_face0.jpeg; FAKE;0.30; REAL; Wrong prediction
966_988_060_face0.jpeg; FAKE;0.10; REAL; Wrong prediction
966_988_080_face0.jpeg; FAKE;0.30; REAL; Wrong prediction
966_988_100_face0.jpeg; FAKE;0.26; REAL; Wrong prediction
966_988_120_face0.jpeg; FAKE;0.16; REAL; Wrong prediction
966_988_240_face0.jpeg; FAKE;0.35; REAL; Wrong prediction
968_884_260_face0.jpeg; FAKE;0.03; REAL; Wrong prediction
968_884_280_face0.jpeg; FAKE;0.43; REAL; Wrong prediction
970_973_220_face0.jpeg; FAKE;0.30; REAL; Wrong prediction
971_564_320_face0.jpeg; FAKE;0.30; REAL; Wrong prediction
973_970_040_face0.jpeg; FAKE;0.25; REAL; Wrong prediction
973_970_060_face0.jpeg; FAKE;0.46; REAL; Wrong prediction
973_970_140_face0.jpeg; FAKE;0.27; REAL; Wrong prediction
974_953_080_face0.jpeg; FAKE;0.04; REAL; Wrong prediction
975_978_020_face0.jpeg; FAKE;0.20; REAL; Wrong prediction
975_978_100_face0.jpeg; FAKE;0.37; REAL; Wrong prediction
976_954_000_face0.jpeg; FAKE;0.33; REAL; Wrong prediction
977_075_460_face0.jpeg; FAKE;0.03; REAL; Wrong prediction
978_975_020_face0.jpeg; FAKE;0.02; REAL; Wrong prediction
978_975_680_face0.jpeg; FAKE;0.19; REAL; Wrong prediction
979_875_240_face0.jpeg; FAKE;0.00; REAL; Wrong prediction
981_985_100_face0.jpeg; FAKE;0.38; REAL; Wrong prediction
984_967_120_face0.jpeg; FAKE;0.31; REAL; Wrong prediction
985_981_180_face0.jpeg; FAKE;0.06; REAL; Wrong prediction
985_981_280_face0.jpeg; FAKE;0.07; REAL; Wrong prediction
989_993_080_face0.jpeg; FAKE;0.46; REAL; Wrong prediction
992_980_360_face0.jpeg; FAKE;0.40; REAL; Wrong prediction
992_980_480_face0.jpeg; FAKE;0.21; REAL; Wrong prediction
992_980_580_face0.jpeg; FAKE;0.46; REAL; Wrong prediction
994_986_200_face0.jpeg; FAKE;0.07; REAL; Wrong prediction
994_986_280_face0.jpeg; FAKE;0.09; REAL; Wrong prediction
995_233_220_face0.jpeg; FAKE;0.02; REAL; Wrong prediction
998_561_000_face0.jpeg; FAKE;0.04; REAL; Wrong prediction