video_name;is_real;gender;action;ethnicity;expression;hair_color;hair_length;position;is_alone;is_ears_visible;is_forehead;is_glasses;is_moving;is_pan_video;is_shaky_video;is_talking
000.mp4;TRUE;MALE;STILL;OTHER;SERIOUS;OTHER;UNKNOW;SITTING;TRUE;TRUE;FALSE;FALSE;TRUE;FALSE;FALSE;TRUE
001.mp4;TRUE;FEMALE;STILL;ASIAN;SERIOUS;BLACK;LONG;STANDING;TRUE;TRUE;TRUE;FALSE;FALSE;FALSE;FALSE;TRUE
002.mp4;TRUE;MALE;STILL;WHITE;SERIOUS;GREY;SHORT;UNKNOW;TRUE;TRUE;TRUE;TRUE;FALSE;FALSE;FALSE;TRUE
003.mp4;TRUE;MALE;STILL;WHITE;SERIOUS;OTHER;BALD;SITTING;TRUE;TRUE;TRUE;FALSE;FALSE;FALSE;FALSE;TRUE
004.mp4;TRUE;MALE;STILL;WHITE;SERIOUS;BROWN;SHORT;SITTING;FALSE;TRUE;TRUE;FALSE;TRUE;FALSE;FALSE;TRUE
005.mp4;TRUE;FEMALE;STILL;WHITE;SERIOUS;BLACK;LONG;STANDING;TRUE;FALSE;TRUE;FALSE;TRUE;FALSE;FALSE;TRUE
006.mp4;TRUE;MALE;STILL;WHITE;SERIOUS;GREY;SHORT;UNKNOW;TRUE;TRUE;TRUE;FALSE;TRUE;FALSE;FALSE;TRUE
007.mp4;TRUE;FEMALE;STILL;WHITE;SERIOUS;BROWN;PONYTAIL;STANDING;TRUE;TRUE;TRUE;FALSE;TRUE;FALSE;FALSE;TRUE
008.mp4;TRUE;FEMALE;STILL;WHITE;SERIOUS;BLACK;LONG;SITTING;TRUE;TRUE;TRUE;FALSE;TRUE;FALSE;FALSE;TRUE
009.mp4;TRUE;MALE;STILL;WHITE;SERIOUS;LIGHT BROWN;SHORT;UNKNOW;TRUE;TRUE;TRUE;FALSE;FALSE;FALSE;FALSE;TRUE
010.mp4;TRUE;FEMALE;STILL;ASIAN;SERIOUS;BLACK;PONYTAIL;UNKNOW;TRUE;TRUE;TRUE;FALSE;TRUE;FALSE;FALSE;TRUE
011.mp4;TRUE;MALE;STILL;WHITE;SERIOUS;LIGHT BROWN;SHORT;UNKNOW;FALSE;TRUE;TRUE;FALSE;TRUE;FALSE;FALSE;TRUE
012.mp4;TRUE;FEMALE;STILL;WHITE;SERIOUS;BLACK;LONG;SITTING;TRUE;FALSE;TRUE;FALSE;TRUE;FALSE;FALSE;TRUE
013.mp4;TRUE;FEMALE;STILL;WHITE;SERIOUS;BLONDE;SHORT;SITTING;TRUE;TRUE;TRUE;FALSE;TRUE;FALSE;FALSE;TRUE
014.mp4;TRUE;MALE;STILL;ASIAN;SERIOUS;BLACK;SHORT;UNKNOW;FALSE;TRUE;TRUE;FALSE;TRUE;FALSE;FALSE;TRUE
015.mp4;TRUE;MALE;STILL;WHITE;SERIOUS;BLACK;SHORT;UNKNOW;TRUE;TRUE;TRUE;FALSE;TRUE;FALSE;FALSE;TRUE
016.mp4;TRUE;MALE;STILL;ASIAN;SERIOUS;BLACK;SHORT;STANDING;TRUE;TRUE;TRUE;FALSE;TRUE;FALSE;FALSE;TRUE
017.mp4;TRUE;FEMALE;STILL;WHITE;SERIOUS;BLONDE;SHORT;UNKNOW;TRUE;FALSE;FALSE;FALSE;TRUE;FALSE;FALSE;TRUE
018.mp4;TRUE;FEMALE;STILL;WHITE;SERIOUS;BLONDE;SHORT;UNKNOW;TRUE;TRUE;TRUE;FALSE;TRUE;FALSE;FALSE;TRUE
019.mp4;TRUE;FEMALE;STILL;WHITE;SERIOUS;BLONDE;SHORT;SITTING;TRUE;FALSE;TRUE;FALSE;TRUE;FALSE;FALSE;TRUE
020.mp4;TRUE;MALE;STILL;OTHER;SERIOUS;BLACK;SHORT;UNKNOW;FALSE;TRUE;TRUE;FALSE;TRUE;FALSE;FALSE;TRUE
021.mp4;TRUE;FEMALE;STILL;WHITE;SERIOUS;BLONDE;LONG;SITTING;TRUE;FALSE;TRUE;FALSE;TRUE;FALSE;FALSE;TRUE
022.mp4;TRUE;MALE;STILL;WHITE;SERIOUS;BLACK;SHORT;SITTING;TRUE;TRUE;TRUE;FALSE;TRUE;FALSE;FALSE;TRUE
023.mp4;TRUE;MALE;STILL;ASIAN;SERIOUS;BLACK;SHORT;STANDING;TRUE;TRUE;TRUE;FALSE;TRUE;FALSE;FALSE;TRUE
024.mp4;TRUE;MALE;STILL;WHITE;SERIOUS;LIGHT BROWN;SHORT;UNKNOW;TRUE;TRUE;TRUE;FALSE;TRUE;FALSE;FALSE;TRUE
025.mp4;TRUE;FEMALE;STILL;WHITE;SERIOUS;BLONDE;LONG;STANDING;TRUE;FALSE;TRUE;FALSE;TRUE;FALSE;FALSE;TRUE
026.mp4;TRUE;FEMALE;STILL;OTHER;SERIOUS;BLACK;LONG;SITTING;TRUE;FALSE;TRUE;FALSE;TRUE;FALSE;FALSE;TRUE
027.mp4;TRUE;MALE;STILL;WHITE;SERIOUS;GREY;SHORT;UNKNOW;TRUE;TRUE;TRUE;FALSE;TRUE;FALSE;FALSE;TRUE
028.mp4;TRUE;FEMALE;STILL;WHITE;SERIOUS;BLONDE;LONG;SITTING;TRUE;FALSE;TRUE;FALSE;TRUE;FALSE;FALSE;TRUE
029.mp4;TRUE;FEMALE;STILL;WHITE;SERIOUS;BLACK;LONG;SITTING;TRUE;TRUE;TRUE;FALSE;TRUE;FALSE;FALSE;TRUE
030.mp4;TRUE;FEMALE;STILL;WHITE;SERIOUS;BLACK;PONYTAIL;UNKNOW;TRUE;TRUE;TRUE;FALSE;TRUE;FALSE;FALSE;TRUE
031.mp4;TRUE;MALE;STILL;AFRICAN;SERIOUS;BALD;UNKNOW;STANDING;TRUE;TRUE;TRUE;FALSE;TRUE;FALSE;FALSE;TRUE
032.mp4;TRUE;FEMALE;STILL;WHITE;SERIOUS;RED;PONYTAIL;SITTING;TRUE;TRUE;TRUE;FALSE;TRUE;FALSE;FALSE;TRUE
033.mp4;TRUE;MALE;STILL;WHITE;SERIOUS;BLACK;SHORT;STANDING;FALSE;TRUE;TRUE;FALSE;TRUE;FALSE;FALSE;TRUE
034.mp4;TRUE;FEMALE;STILL;ASIAN;SERIOUS;BLACK;PONYTAIL;UNKNOW;TRUE;TRUE;TRUE;FALSE;TRUE;FALSE;FALSE;TRUE
035.mp4;TRUE;MALE;STILL;WHITE;SERIOUS;BROWN;SHORT;SITTING;TRUE;TRUE;TRUE;FALSE;TRUE;FALSE;FALSE;TRUE
036.mp4;TRUE;MALE;STILL;ASIAN;SERIOUS;BLACK;SHORT;SITTING;TRUE;TRUE;TRUE;FALSE;TRUE;FALSE;FALSE;TRUE
037.mp4;TRUE;FEMALE;STILL;WHITE;SERIOUS;LIGHT BROWN;LONG;SITTING;TRUE;TRUE;TRUE;FALSE;TRUE;FALSE;FALSE;TRUE
038.mp4;TRUE;FEMALE;STILL;WHITE;SERIOUS;BLACK;LONG;SITTING;TRUE;FALSE;TRUE;FALSE;TRUE;FALSE;FALSE;TRUE
039.mp4;TRUE;MALE;STILL;MIXED;SERIOUS;BALD;UNKNOW;UNKNOW;TRUE;TRUE;TRUE;FALSE;TRUE;FALSE;FALSE;TRUE
040.mp4;TRUE;FEMALE;STILL;WHITE;SERIOUS;BLACK;SHORT;STANDING;TRUE;TRUE;TRUE;FALSE;TRUE;FALSE;FALSE;TRUE
041.mp4;TRUE;MALE;STILL;ASIAN;SERIOUS;BLACK;SHORT;SITTING;TRUE;TRUE;TRUE;TRUE;TRUE;FALSE;FALSE;TRUE
042.mp4;TRUE;FEMALE;STILL;AFRICAN;SERIOUS;BLACK;LONG;SITTING;TRUE;TRUE;TRUE;FALSE;TRUE;FALSE;FALSE;TRUE
043.mp4;TRUE;MALE;STILL;WHITE;SERIOUS;GREY;SHORT;SITTING;TRUE;TRUE;TRUE;FALSE;TRUE;FALSE;FALSE;TRUE
044.mp4;TRUE;MALE;STILL;WHITE;SERIOUS;BLACK;SHORT;UNKNOW;TRUE;TRUE;TRUE;FALSE;TRUE;FALSE;FALSE;TRUE
045.mp4;TRUE;FEMALE;STILL;WHITE;SERIOUS;BROWN;LONG;UNKNOW;TRUE;TRUE;TRUE;FALSE;TRUE;FALSE;FALSE;TRUE
046.mp4;TRUE;FEMALE;STILL;WHITE;SERIOUS;BLACK;LONG;UNKNOW;TRUE;FALSE;TRUE;FALSE;TRUE;FALSE;FALSE;TRUE
047.mp4;TRUE;FEMALE;STILL;WHITE;SERIOUS;BLONDE;SHORT;SITTING;TRUE;FALSE;TRUE;FALSE;TRUE;FALSE;FALSE;TRUE
048.mp4;TRUE;FEMALE;STILL;MIXED;SERIOUS;BLACK;LONG;SITTING;FALSE;FALSE;TRUE;FALSE;TRUE;FALSE;FALSE;TRUE
049.mp4;TRUE;FEMALE;STILL;WHITE;SERIOUS;BLACK;SHORT;SITTING;TRUE;TRUE;TRUE;FALSE;FALSE;FALSE;FALSE;TRUE
050.mp4;TRUE;MALE;STILL;WHITE;SERIOUS;GREY;SHORT;SITTING;TRUE;TRUE;TRUE;FALSE;TRUE;FALSE;FALSE;TRUE
051.mp4;TRUE;N/A;STILL;N/A;N/A;N/A;N/A;N/A;N/A;N/A;N/A;N/A;N/A;N/A;N/A;N/A
052.mp4;TRUE;N/A;STILL;N/A;N/A;N/A;N/A;N/A;N/A;N/A;N/A;N/A;N/A;N/A;N/A;N/A
053.mp4;TRUE;N/A;STILL;N/A;N/A;N/A;N/A;N/A;N/A;N/A;N/A;N/A;N/A;N/A;N/A;N/A
054.mp4;TRUE;N/A;STILL;N/A;N/A;N/A;N/A;N/A;N/A;N/A;N/A;N/A;N/A;N/A;N/A;N/A
055.mp4;TRUE;N/A;STILL;N/A;N/A;N/A;N/A;N/A;N/A;N/A;N/A;N/A;N/A;N/A;N/A;N/A
056.mp4;TRUE;N/A;STILL;N/A;N/A;N/A;N/A;N/A;N/A;N/A;N/A;N/A;N/A;N/A;N/A;N/A
057.mp4;TRUE;N/A;STILL;N/A;N/A;N/A;N/A;N/A;N/A;N/A;N/A;N/A;N/A;N/A;N/A;N/A
058.mp4;TRUE;N/A;STILL;N/A;N/A;N/A;N/A;N/A;N/A;N/A;N/A;N/A;N/A;N/A;N/A;N/A
059.mp4;TRUE;N/A;STILL;N/A;N/A;N/A;N/A;N/A;N/A;N/A;N/A;N/A;N/A;N/A;N/A;N/A
060.mp4;TRUE;N/A;STILL;N/A;N/A;N/A;N/A;N/A;N/A;N/A;N/A;N/A;N/A;N/A;N/A;N/A
061.mp4;TRUE;N/A;STILL;N/A;N/A;N/A;N/A;N/A;N/A;N/A;N/A;N/A;N/A;N/A;N/A;N/A
062.mp4;TRUE;N/A;STILL;N/A;N/A;N/A;N/A;N/A;N/A;N/A;N/A;N/A;N/A;N/A;N/A;N/A
063.mp4;TRUE;N/A;STILL;N/A;N/A;N/A;N/A;N/A;N/A;N/A;N/A;N/A;N/A;N/A;N/A;N/A
064.mp4;TRUE;N/A;STILL;N/A;N/A;N/A;N/A;N/A;N/A;N/A;N/A;N/A;N/A;N/A;N/A;N/A
065.mp4;TRUE;N/A;STILL;N/A;N/A;N/A;N/A;N/A;N/A;N/A;N/A;N/A;N/A;N/A;N/A;N/A
066.mp4;TRUE;N/A;STILL;N/A;N/A;N/A;N/A;N/A;N/A;N/A;N/A;N/A;N/A;N/A;N/A;N/A
067.mp4;TRUE;N/A;STILL;N/A;N/A;N/A;N/A;N/A;N/A;N/A;N/A;N/A;N/A;N/A;N/A;N/A
068.mp4;TRUE;N/A;STILL;N/A;N/A;N/A;N/A;N/A;N/A;N/A;N/A;N/A;N/A;N/A;N/A;N/A
069.mp4;TRUE;N/A;STILL;N/A;N/A;N/A;N/A;N/A;N/A;N/A;N/A;N/A;N/A;N/A;N/A;N/A
070.mp4;TRUE;N/A;STILL;N/A;N/A;N/A;N/A;N/A;N/A;N/A;N/A;N/A;N/A;N/A;N/A;N/A
071.mp4;TRUE;N/A;STILL;N/A;N/A;N/A;N/A;N/A;N/A;N/A;N/A;N/A;N/A;N/A;N/A;N/A
072.mp4;TRUE;N/A;STILL;N/A;N/A;N/A;N/A;N/A;N/A;N/A;N/A;N/A;N/A;N/A;N/A;N/A
073.mp4;TRUE;N/A;STILL;N/A;N/A;N/A;N/A;N/A;N/A;N/A;N/A;N/A;N/A;N/A;N/A;N/A
074.mp4;TRUE;N/A;STILL;N/A;N/A;N/A;N/A;N/A;N/A;N/A;N/A;N/A;N/A;N/A;N/A;N/A
075.mp4;TRUE;N/A;STILL;N/A;N/A;N/A;N/A;N/A;N/A;N/A;N/A;N/A;N/A;N/A;N/A;N/A
076.mp4;TRUE;N/A;STILL;N/A;N/A;N/A;N/A;N/A;N/A;N/A;N/A;N/A;N/A;N/A;N/A;N/A
077.mp4;TRUE;N/A;STILL;N/A;N/A;N/A;N/A;N/A;N/A;N/A;N/A;N/A;N/A;N/A;N/A;N/A
078.mp4;TRUE;N/A;STILL;N/A;N/A;N/A;N/A;N/A;N/A;N/A;N/A;N/A;N/A;N/A;N/A;N/A
079.mp4;TRUE;N/A;STILL;N/A;N/A;N/A;N/A;N/A;N/A;N/A;N/A;N/A;N/A;N/A;N/A;N/A
080.mp4;TRUE;N/A;STILL;N/A;N/A;N/A;N/A;N/A;N/A;N/A;N/A;N/A;N/A;N/A;N/A;N/A
081.mp4;TRUE;N/A;STILL;N/A;N/A;N/A;N/A;N/A;N/A;N/A;N/A;N/A;N/A;N/A;N/A;N/A
082.mp4;TRUE;N/A;STILL;N/A;N/A;N/A;N/A;N/A;N/A;N/A;N/A;N/A;N/A;N/A;N/A;N/A
083.mp4;TRUE;N/A;STILL;N/A;N/A;N/A;N/A;N/A;N/A;N/A;N/A;N/A;N/A;N/A;N/A;N/A
084.mp4;TRUE;N/A;STILL;N/A;N/A;N/A;N/A;N/A;N/A;N/A;N/A;N/A;N/A;N/A;N/A;N/A
085.mp4;TRUE;N/A;STILL;N/A;N/A;N/A;N/A;N/A;N/A;N/A;N/A;N/A;N/A;N/A;N/A;N/A
086.mp4;TRUE;N/A;STILL;N/A;N/A;N/A;N/A;N/A;N/A;N/A;N/A;N/A;N/A;N/A;N/A;N/A
087.mp4;TRUE;N/A;STILL;N/A;N/A;N/A;N/A;N/A;N/A;N/A;N/A;N/A;N/A;N/A;N/A;N/A
088.mp4;TRUE;N/A;STILL;N/A;N/A;N/A;N/A;N/A;N/A;N/A;N/A;N/A;N/A;N/A;N/A;N/A
089.mp4;TRUE;N/A;STILL;N/A;N/A;N/A;N/A;N/A;N/A;N/A;N/A;N/A;N/A;N/A;N/A;N/A
090.mp4;TRUE;N/A;STILL;N/A;N/A;N/A;N/A;N/A;N/A;N/A;N/A;N/A;N/A;N/A;N/A;N/A
091.mp4;TRUE;N/A;STILL;N/A;N/A;N/A;N/A;N/A;N/A;N/A;N/A;N/A;N/A;N/A;N/A;N/A
092.mp4;TRUE;N/A;STILL;N/A;N/A;N/A;N/A;N/A;N/A;N/A;N/A;N/A;N/A;N/A;N/A;N/A
093.mp4;TRUE;N/A;STILL;N/A;N/A;N/A;N/A;N/A;N/A;N/A;N/A;N/A;N/A;N/A;N/A;N/A
094.mp4;TRUE;N/A;STILL;N/A;N/A;N/A;N/A;N/A;N/A;N/A;N/A;N/A;N/A;N/A;N/A;N/A
095.mp4;TRUE;N/A;STILL;N/A;N/A;N/A;N/A;N/A;N/A;N/A;N/A;N/A;N/A;N/A;N/A;N/A
096.mp4;TRUE;N/A;STILL;N/A;N/A;N/A;N/A;N/A;N/A;N/A;N/A;N/A;N/A;N/A;N/A;N/A
097.mp4;TRUE;N/A;STILL;N/A;N/A;N/A;N/A;N/A;N/A;N/A;N/A;N/A;N/A;N/A;N/A;N/A
098.mp4;TRUE;N/A;STILL;N/A;N/A;N/A;N/A;N/A;N/A;N/A;N/A;N/A;N/A;N/A;N/A;N/A
099.mp4;TRUE;N/A;STILL;N/A;N/A;N/A;N/A;N/A;N/A;N/A;N/A;N/A;N/A;N/A;N/A;N/A
100.mp4;TRUE;N/A;STILL;N/A;N/A;N/A;N/A;N/A;N/A;N/A;N/A;N/A;N/A;N/A;N/A;N/A
101.mp4;TRUE;N/A;STILL;N/A;N/A;N/A;N/A;N/A;N/A;N/A;N/A;N/A;N/A;N/A;N/A;N/A
102.mp4;TRUE;N/A;STILL;N/A;N/A;N/A;N/A;N/A;N/A;N/A;N/A;N/A;N/A;N/A;N/A;N/A
103.mp4;TRUE;N/A;STILL;N/A;N/A;N/A;N/A;N/A;N/A;N/A;N/A;N/A;N/A;N/A;N/A;N/A
104.mp4;TRUE;N/A;STILL;N/A;N/A;N/A;N/A;N/A;N/A;N/A;N/A;N/A;N/A;N/A;N/A;N/A
105.mp4;TRUE;N/A;STILL;N/A;N/A;N/A;N/A;N/A;N/A;N/A;N/A;N/A;N/A;N/A;N/A;N/A
106.mp4;TRUE;N/A;STILL;N/A;N/A;N/A;N/A;N/A;N/A;N/A;N/A;N/A;N/A;N/A;N/A;N/A
107.mp4;TRUE;N/A;STILL;N/A;N/A;N/A;N/A;N/A;N/A;N/A;N/A;N/A;N/A;N/A;N/A;N/A
108.mp4;TRUE;N/A;STILL;N/A;N/A;N/A;N/A;N/A;N/A;N/A;N/A;N/A;N/A;N/A;N/A;N/A
109.mp4;TRUE;N/A;STILL;N/A;N/A;N/A;N/A;N/A;N/A;N/A;N/A;N/A;N/A;N/A;N/A;N/A
110.mp4;TRUE;N/A;STILL;N/A;N/A;N/A;N/A;N/A;N/A;N/A;N/A;N/A;N/A;N/A;N/A;N/A
111.mp4;TRUE;N/A;STILL;N/A;N/A;N/A;N/A;N/A;N/A;N/A;N/A;N/A;N/A;N/A;N/A;N/A
112.mp4;TRUE;N/A;STILL;N/A;N/A;N/A;N/A;N/A;N/A;N/A;N/A;N/A;N/A;N/A;N/A;N/A
113.mp4;TRUE;N/A;STILL;N/A;N/A;N/A;N/A;N/A;N/A;N/A;N/A;N/A;N/A;N/A;N/A;N/A
114.mp4;TRUE;N/A;STILL;N/A;N/A;N/A;N/A;N/A;N/A;N/A;N/A;N/A;N/A;N/A;N/A;N/A
115.mp4;TRUE;N/A;STILL;N/A;N/A;N/A;N/A;N/A;N/A;N/A;N/A;N/A;N/A;N/A;N/A;N/A
116.mp4;TRUE;N/A;STILL;N/A;N/A;N/A;N/A;N/A;N/A;N/A;N/A;N/A;N/A;N/A;N/A;N/A
117.mp4;TRUE;N/A;STILL;N/A;N/A;N/A;N/A;N/A;N/A;N/A;N/A;N/A;N/A;N/A;N/A;N/A
118.mp4;TRUE;N/A;STILL;N/A;N/A;N/A;N/A;N/A;N/A;N/A;N/A;N/A;N/A;N/A;N/A;N/A
119.mp4;TRUE;N/A;STILL;N/A;N/A;N/A;N/A;N/A;N/A;N/A;N/A;N/A;N/A;N/A;N/A;N/A
120.mp4;TRUE;N/A;STILL;N/A;N/A;N/A;N/A;N/A;N/A;N/A;N/A;N/A;N/A;N/A;N/A;N/A
121.mp4;TRUE;N/A;STILL;N/A;N/A;N/A;N/A;N/A;N/A;N/A;N/A;N/A;N/A;N/A;N/A;N/A
122.mp4;TRUE;N/A;STILL;N/A;N/A;N/A;N/A;N/A;N/A;N/A;N/A;N/A;N/A;N/A;N/A;N/A
123.mp4;TRUE;N/A;STILL;N/A;N/A;N/A;N/A;N/A;N/A;N/A;N/A;N/A;N/A;N/A;N/A;N/A
124.mp4;TRUE;N/A;STILL;N/A;N/A;N/A;N/A;N/A;N/A;N/A;N/A;N/A;N/A;N/A;N/A;N/A
125.mp4;TRUE;N/A;STILL;N/A;N/A;N/A;N/A;N/A;N/A;N/A;N/A;N/A;N/A;N/A;N/A;N/A
126.mp4;TRUE;N/A;STILL;N/A;N/A;N/A;N/A;N/A;N/A;N/A;N/A;N/A;N/A;N/A;N/A;N/A
127.mp4;TRUE;N/A;STILL;N/A;N/A;N/A;N/A;N/A;N/A;N/A;N/A;N/A;N/A;N/A;N/A;N/A
128.mp4;TRUE;N/A;STILL;N/A;N/A;N/A;N/A;N/A;N/A;N/A;N/A;N/A;N/A;N/A;N/A;N/A
129.mp4;TRUE;N/A;STILL;N/A;N/A;N/A;N/A;N/A;N/A;N/A;N/A;N/A;N/A;N/A;N/A;N/A
130.mp4;TRUE;N/A;STILL;N/A;N/A;N/A;N/A;N/A;N/A;N/A;N/A;N/A;N/A;N/A;N/A;N/A
131.mp4;TRUE;N/A;STILL;N/A;N/A;N/A;N/A;N/A;N/A;N/A;N/A;N/A;N/A;N/A;N/A;N/A
132.mp4;TRUE;N/A;STILL;N/A;N/A;N/A;N/A;N/A;N/A;N/A;N/A;N/A;N/A;N/A;N/A;N/A
133.mp4;TRUE;N/A;STILL;N/A;N/A;N/A;N/A;N/A;N/A;N/A;N/A;N/A;N/A;N/A;N/A;N/A
134.mp4;TRUE;N/A;STILL;N/A;N/A;N/A;N/A;N/A;N/A;N/A;N/A;N/A;N/A;N/A;N/A;N/A
135.mp4;TRUE;N/A;STILL;N/A;N/A;N/A;N/A;N/A;N/A;N/A;N/A;N/A;N/A;N/A;N/A;N/A
136.mp4;TRUE;N/A;STILL;N/A;N/A;N/A;N/A;N/A;N/A;N/A;N/A;N/A;N/A;N/A;N/A;N/A
137.mp4;TRUE;N/A;STILL;N/A;N/A;N/A;N/A;N/A;N/A;N/A;N/A;N/A;N/A;N/A;N/A;N/A
138.mp4;TRUE;N/A;STILL;N/A;N/A;N/A;N/A;N/A;N/A;N/A;N/A;N/A;N/A;N/A;N/A;N/A
139.mp4;TRUE;N/A;STILL;N/A;N/A;N/A;N/A;N/A;N/A;N/A;N/A;N/A;N/A;N/A;N/A;N/A
140.mp4;TRUE;N/A;STILL;N/A;N/A;N/A;N/A;N/A;N/A;N/A;N/A;N/A;N/A;N/A;N/A;N/A
141.mp4;TRUE;N/A;STILL;N/A;N/A;N/A;N/A;N/A;N/A;N/A;N/A;N/A;N/A;N/A;N/A;N/A
142.mp4;TRUE;N/A;STILL;N/A;N/A;N/A;N/A;N/A;N/A;N/A;N/A;N/A;N/A;N/A;N/A;N/A
143.mp4;TRUE;N/A;STILL;N/A;N/A;N/A;N/A;N/A;N/A;N/A;N/A;N/A;N/A;N/A;N/A;N/A
144.mp4;TRUE;N/A;STILL;N/A;N/A;N/A;N/A;N/A;N/A;N/A;N/A;N/A;N/A;N/A;N/A;N/A
145.mp4;TRUE;N/A;STILL;N/A;N/A;N/A;N/A;N/A;N/A;N/A;N/A;N/A;N/A;N/A;N/A;N/A
146.mp4;TRUE;N/A;STILL;N/A;N/A;N/A;N/A;N/A;N/A;N/A;N/A;N/A;N/A;N/A;N/A;N/A
147.mp4;TRUE;N/A;STILL;N/A;N/A;N/A;N/A;N/A;N/A;N/A;N/A;N/A;N/A;N/A;N/A;N/A
148.mp4;TRUE;N/A;STILL;N/A;N/A;N/A;N/A;N/A;N/A;N/A;N/A;N/A;N/A;N/A;N/A;N/A
149.mp4;TRUE;N/A;STILL;N/A;N/A;N/A;N/A;N/A;N/A;N/A;N/A;N/A;N/A;N/A;N/A;N/A
150.mp4;TRUE;N/A;STILL;N/A;N/A;N/A;N/A;N/A;N/A;N/A;N/A;N/A;N/A;N/A;N/A;N/A
151.mp4;TRUE;N/A;STILL;N/A;N/A;N/A;N/A;N/A;N/A;N/A;N/A;N/A;N/A;N/A;N/A;N/A
152.mp4;TRUE;N/A;STILL;N/A;N/A;N/A;N/A;N/A;N/A;N/A;N/A;N/A;N/A;N/A;N/A;N/A
153.mp4;TRUE;N/A;STILL;N/A;N/A;N/A;N/A;N/A;N/A;N/A;N/A;N/A;N/A;N/A;N/A;N/A
154.mp4;TRUE;N/A;STILL;N/A;N/A;N/A;N/A;N/A;N/A;N/A;N/A;N/A;N/A;N/A;N/A;N/A
155.mp4;TRUE;N/A;STILL;N/A;N/A;N/A;N/A;N/A;N/A;N/A;N/A;N/A;N/A;N/A;N/A;N/A
156.mp4;TRUE;N/A;STILL;N/A;N/A;N/A;N/A;N/A;N/A;N/A;N/A;N/A;N/A;N/A;N/A;N/A
157.mp4;TRUE;N/A;STILL;N/A;N/A;N/A;N/A;N/A;N/A;N/A;N/A;N/A;N/A;N/A;N/A;N/A
158.mp4;TRUE;N/A;STILL;N/A;N/A;N/A;N/A;N/A;N/A;N/A;N/A;N/A;N/A;N/A;N/A;N/A
159.mp4;TRUE;N/A;STILL;N/A;N/A;N/A;N/A;N/A;N/A;N/A;N/A;N/A;N/A;N/A;N/A;N/A
160.mp4;TRUE;N/A;STILL;N/A;N/A;N/A;N/A;N/A;N/A;N/A;N/A;N/A;N/A;N/A;N/A;N/A
161.mp4;TRUE;N/A;STILL;N/A;N/A;N/A;N/A;N/A;N/A;N/A;N/A;N/A;N/A;N/A;N/A;N/A
162.mp4;TRUE;N/A;STILL;N/A;N/A;N/A;N/A;N/A;N/A;N/A;N/A;N/A;N/A;N/A;N/A;N/A
163.mp4;TRUE;N/A;STILL;N/A;N/A;N/A;N/A;N/A;N/A;N/A;N/A;N/A;N/A;N/A;N/A;N/A
164.mp4;TRUE;N/A;STILL;N/A;N/A;N/A;N/A;N/A;N/A;N/A;N/A;N/A;N/A;N/A;N/A;N/A
165.mp4;TRUE;N/A;STILL;N/A;N/A;N/A;N/A;N/A;N/A;N/A;N/A;N/A;N/A;N/A;N/A;N/A
166.mp4;TRUE;N/A;STILL;N/A;N/A;N/A;N/A;N/A;N/A;N/A;N/A;N/A;N/A;N/A;N/A;N/A
167.mp4;TRUE;N/A;STILL;N/A;N/A;N/A;N/A;N/A;N/A;N/A;N/A;N/A;N/A;N/A;N/A;N/A
168.mp4;TRUE;N/A;STILL;N/A;N/A;N/A;N/A;N/A;N/A;N/A;N/A;N/A;N/A;N/A;N/A;N/A
169.mp4;TRUE;N/A;STILL;N/A;N/A;N/A;N/A;N/A;N/A;N/A;N/A;N/A;N/A;N/A;N/A;N/A
170.mp4;TRUE;N/A;STILL;N/A;N/A;N/A;N/A;N/A;N/A;N/A;N/A;N/A;N/A;N/A;N/A;N/A
171.mp4;TRUE;N/A;STILL;N/A;N/A;N/A;N/A;N/A;N/A;N/A;N/A;N/A;N/A;N/A;N/A;N/A
172.mp4;TRUE;N/A;STILL;N/A;N/A;N/A;N/A;N/A;N/A;N/A;N/A;N/A;N/A;N/A;N/A;N/A
173.mp4;TRUE;N/A;STILL;N/A;N/A;N/A;N/A;N/A;N/A;N/A;N/A;N/A;N/A;N/A;N/A;N/A
174.mp4;TRUE;N/A;STILL;N/A;N/A;N/A;N/A;N/A;N/A;N/A;N/A;N/A;N/A;N/A;N/A;N/A
175.mp4;TRUE;N/A;STILL;N/A;N/A;N/A;N/A;N/A;N/A;N/A;N/A;N/A;N/A;N/A;N/A;N/A
176.mp4;TRUE;N/A;STILL;N/A;N/A;N/A;N/A;N/A;N/A;N/A;N/A;N/A;N/A;N/A;N/A;N/A
177.mp4;TRUE;N/A;STILL;N/A;N/A;N/A;N/A;N/A;N/A;N/A;N/A;N/A;N/A;N/A;N/A;N/A
178.mp4;TRUE;N/A;STILL;N/A;N/A;N/A;N/A;N/A;N/A;N/A;N/A;N/A;N/A;N/A;N/A;N/A
179.mp4;TRUE;N/A;STILL;N/A;N/A;N/A;N/A;N/A;N/A;N/A;N/A;N/A;N/A;N/A;N/A;N/A
180.mp4;TRUE;N/A;STILL;N/A;N/A;N/A;N/A;N/A;N/A;N/A;N/A;N/A;N/A;N/A;N/A;N/A
181.mp4;TRUE;N/A;STILL;N/A;N/A;N/A;N/A;N/A;N/A;N/A;N/A;N/A;N/A;N/A;N/A;N/A
182.mp4;TRUE;N/A;STILL;N/A;N/A;N/A;N/A;N/A;N/A;N/A;N/A;N/A;N/A;N/A;N/A;N/A
183.mp4;TRUE;N/A;STILL;N/A;N/A;N/A;N/A;N/A;N/A;N/A;N/A;N/A;N/A;N/A;N/A;N/A
184.mp4;TRUE;N/A;STILL;N/A;N/A;N/A;N/A;N/A;N/A;N/A;N/A;N/A;N/A;N/A;N/A;N/A
185.mp4;TRUE;N/A;STILL;N/A;N/A;N/A;N/A;N/A;N/A;N/A;N/A;N/A;N/A;N/A;N/A;N/A
186.mp4;TRUE;N/A;STILL;N/A;N/A;N/A;N/A;N/A;N/A;N/A;N/A;N/A;N/A;N/A;N/A;N/A
187.mp4;TRUE;N/A;STILL;N/A;N/A;N/A;N/A;N/A;N/A;N/A;N/A;N/A;N/A;N/A;N/A;N/A
188.mp4;TRUE;N/A;STILL;N/A;N/A;N/A;N/A;N/A;N/A;N/A;N/A;N/A;N/A;N/A;N/A;N/A
189.mp4;TRUE;N/A;STILL;N/A;N/A;N/A;N/A;N/A;N/A;N/A;N/A;N/A;N/A;N/A;N/A;N/A
190.mp4;TRUE;N/A;STILL;N/A;N/A;N/A;N/A;N/A;N/A;N/A;N/A;N/A;N/A;N/A;N/A;N/A
191.mp4;TRUE;N/A;STILL;N/A;N/A;N/A;N/A;N/A;N/A;N/A;N/A;N/A;N/A;N/A;N/A;N/A
192.mp4;TRUE;N/A;STILL;N/A;N/A;N/A;N/A;N/A;N/A;N/A;N/A;N/A;N/A;N/A;N/A;N/A
193.mp4;TRUE;N/A;STILL;N/A;N/A;N/A;N/A;N/A;N/A;N/A;N/A;N/A;N/A;N/A;N/A;N/A
194.mp4;TRUE;N/A;STILL;N/A;N/A;N/A;N/A;N/A;N/A;N/A;N/A;N/A;N/A;N/A;N/A;N/A
195.mp4;TRUE;N/A;STILL;N/A;N/A;N/A;N/A;N/A;N/A;N/A;N/A;N/A;N/A;N/A;N/A;N/A
196.mp4;TRUE;N/A;STILL;N/A;N/A;N/A;N/A;N/A;N/A;N/A;N/A;N/A;N/A;N/A;N/A;N/A
197.mp4;TRUE;N/A;STILL;N/A;N/A;N/A;N/A;N/A;N/A;N/A;N/A;N/A;N/A;N/A;N/A;N/A
198.mp4;TRUE;N/A;STILL;N/A;N/A;N/A;N/A;N/A;N/A;N/A;N/A;N/A;N/A;N/A;N/A;N/A
199.mp4;TRUE;N/A;STILL;N/A;N/A;N/A;N/A;N/A;N/A;N/A;N/A;N/A;N/A;N/A;N/A;N/A
200.mp4;TRUE;N/A;STILL;N/A;N/A;N/A;N/A;N/A;N/A;N/A;N/A;N/A;N/A;N/A;N/A;N/A
201.mp4;TRUE;N/A;STILL;N/A;N/A;N/A;N/A;N/A;N/A;N/A;N/A;N/A;N/A;N/A;N/A;N/A
202.mp4;TRUE;N/A;STILL;N/A;N/A;N/A;N/A;N/A;N/A;N/A;N/A;N/A;N/A;N/A;N/A;N/A
203.mp4;TRUE;N/A;STILL;N/A;N/A;N/A;N/A;N/A;N/A;N/A;N/A;N/A;N/A;N/A;N/A;N/A
204.mp4;TRUE;N/A;STILL;N/A;N/A;N/A;N/A;N/A;N/A;N/A;N/A;N/A;N/A;N/A;N/A;N/A
205.mp4;TRUE;N/A;STILL;N/A;N/A;N/A;N/A;N/A;N/A;N/A;N/A;N/A;N/A;N/A;N/A;N/A
206.mp4;TRUE;N/A;STILL;N/A;N/A;N/A;N/A;N/A;N/A;N/A;N/A;N/A;N/A;N/A;N/A;N/A
207.mp4;TRUE;N/A;STILL;N/A;N/A;N/A;N/A;N/A;N/A;N/A;N/A;N/A;N/A;N/A;N/A;N/A
208.mp4;TRUE;N/A;STILL;N/A;N/A;N/A;N/A;N/A;N/A;N/A;N/A;N/A;N/A;N/A;N/A;N/A
209.mp4;TRUE;N/A;STILL;N/A;N/A;N/A;N/A;N/A;N/A;N/A;N/A;N/A;N/A;N/A;N/A;N/A
210.mp4;TRUE;N/A;STILL;N/A;N/A;N/A;N/A;N/A;N/A;N/A;N/A;N/A;N/A;N/A;N/A;N/A
211.mp4;TRUE;N/A;STILL;N/A;N/A;N/A;N/A;N/A;N/A;N/A;N/A;N/A;N/A;N/A;N/A;N/A
212.mp4;TRUE;N/A;STILL;N/A;N/A;N/A;N/A;N/A;N/A;N/A;N/A;N/A;N/A;N/A;N/A;N/A
213.mp4;TRUE;N/A;STILL;N/A;N/A;N/A;N/A;N/A;N/A;N/A;N/A;N/A;N/A;N/A;N/A;N/A
214.mp4;TRUE;N/A;STILL;N/A;N/A;N/A;N/A;N/A;N/A;N/A;N/A;N/A;N/A;N/A;N/A;N/A
215.mp4;TRUE;N/A;STILL;N/A;N/A;N/A;N/A;N/A;N/A;N/A;N/A;N/A;N/A;N/A;N/A;N/A
216.mp4;TRUE;N/A;STILL;N/A;N/A;N/A;N/A;N/A;N/A;N/A;N/A;N/A;N/A;N/A;N/A;N/A
217.mp4;TRUE;N/A;STILL;N/A;N/A;N/A;N/A;N/A;N/A;N/A;N/A;N/A;N/A;N/A;N/A;N/A
218.mp4;TRUE;N/A;STILL;N/A;N/A;N/A;N/A;N/A;N/A;N/A;N/A;N/A;N/A;N/A;N/A;N/A
219.mp4;TRUE;N/A;STILL;N/A;N/A;N/A;N/A;N/A;N/A;N/A;N/A;N/A;N/A;N/A;N/A;N/A
220.mp4;TRUE;N/A;STILL;N/A;N/A;N/A;N/A;N/A;N/A;N/A;N/A;N/A;N/A;N/A;N/A;N/A
221.mp4;TRUE;N/A;STILL;N/A;N/A;N/A;N/A;N/A;N/A;N/A;N/A;N/A;N/A;N/A;N/A;N/A
222.mp4;TRUE;N/A;STILL;N/A;N/A;N/A;N/A;N/A;N/A;N/A;N/A;N/A;N/A;N/A;N/A;N/A
223.mp4;TRUE;N/A;STILL;N/A;N/A;N/A;N/A;N/A;N/A;N/A;N/A;N/A;N/A;N/A;N/A;N/A
224.mp4;TRUE;N/A;STILL;N/A;N/A;N/A;N/A;N/A;N/A;N/A;N/A;N/A;N/A;N/A;N/A;N/A
225.mp4;TRUE;N/A;STILL;N/A;N/A;N/A;N/A;N/A;N/A;N/A;N/A;N/A;N/A;N/A;N/A;N/A
226.mp4;TRUE;N/A;STILL;N/A;N/A;N/A;N/A;N/A;N/A;N/A;N/A;N/A;N/A;N/A;N/A;N/A
227.mp4;TRUE;N/A;STILL;N/A;N/A;N/A;N/A;N/A;N/A;N/A;N/A;N/A;N/A;N/A;N/A;N/A
228.mp4;TRUE;N/A;STILL;N/A;N/A;N/A;N/A;N/A;N/A;N/A;N/A;N/A;N/A;N/A;N/A;N/A
229.mp4;TRUE;N/A;STILL;N/A;N/A;N/A;N/A;N/A;N/A;N/A;N/A;N/A;N/A;N/A;N/A;N/A
230.mp4;TRUE;N/A;STILL;N/A;N/A;N/A;N/A;N/A;N/A;N/A;N/A;N/A;N/A;N/A;N/A;N/A
231.mp4;TRUE;N/A;STILL;N/A;N/A;N/A;N/A;N/A;N/A;N/A;N/A;N/A;N/A;N/A;N/A;N/A
232.mp4;TRUE;N/A;STILL;N/A;N/A;N/A;N/A;N/A;N/A;N/A;N/A;N/A;N/A;N/A;N/A;N/A
233.mp4;TRUE;N/A;STILL;N/A;N/A;N/A;N/A;N/A;N/A;N/A;N/A;N/A;N/A;N/A;N/A;N/A
234.mp4;TRUE;N/A;STILL;N/A;N/A;N/A;N/A;N/A;N/A;N/A;N/A;N/A;N/A;N/A;N/A;N/A
235.mp4;TRUE;N/A;STILL;N/A;N/A;N/A;N/A;N/A;N/A;N/A;N/A;N/A;N/A;N/A;N/A;N/A
236.mp4;TRUE;N/A;STILL;N/A;N/A;N/A;N/A;N/A;N/A;N/A;N/A;N/A;N/A;N/A;N/A;N/A
237.mp4;TRUE;N/A;STILL;N/A;N/A;N/A;N/A;N/A;N/A;N/A;N/A;N/A;N/A;N/A;N/A;N/A
238.mp4;TRUE;N/A;STILL;N/A;N/A;N/A;N/A;N/A;N/A;N/A;N/A;N/A;N/A;N/A;N/A;N/A
239.mp4;TRUE;N/A;STILL;N/A;N/A;N/A;N/A;N/A;N/A;N/A;N/A;N/A;N/A;N/A;N/A;N/A
240.mp4;TRUE;N/A;STILL;N/A;N/A;N/A;N/A;N/A;N/A;N/A;N/A;N/A;N/A;N/A;N/A;N/A
241.mp4;TRUE;N/A;STILL;N/A;N/A;N/A;N/A;N/A;N/A;N/A;N/A;N/A;N/A;N/A;N/A;N/A
242.mp4;TRUE;N/A;STILL;N/A;N/A;N/A;N/A;N/A;N/A;N/A;N/A;N/A;N/A;N/A;N/A;N/A
243.mp4;TRUE;N/A;STILL;N/A;N/A;N/A;N/A;N/A;N/A;N/A;N/A;N/A;N/A;N/A;N/A;N/A
244.mp4;TRUE;N/A;STILL;N/A;N/A;N/A;N/A;N/A;N/A;N/A;N/A;N/A;N/A;N/A;N/A;N/A
245.mp4;TRUE;N/A;STILL;N/A;N/A;N/A;N/A;N/A;N/A;N/A;N/A;N/A;N/A;N/A;N/A;N/A
246.mp4;TRUE;N/A;STILL;N/A;N/A;N/A;N/A;N/A;N/A;N/A;N/A;N/A;N/A;N/A;N/A;N/A
247.mp4;TRUE;N/A;STILL;N/A;N/A;N/A;N/A;N/A;N/A;N/A;N/A;N/A;N/A;N/A;N/A;N/A
248.mp4;TRUE;N/A;STILL;N/A;N/A;N/A;N/A;N/A;N/A;N/A;N/A;N/A;N/A;N/A;N/A;N/A
249.mp4;TRUE;N/A;STILL;N/A;N/A;N/A;N/A;N/A;N/A;N/A;N/A;N/A;N/A;N/A;N/A;N/A
250.mp4;TRUE;N/A;STILL;N/A;N/A;N/A;N/A;N/A;N/A;N/A;N/A;N/A;N/A;N/A;N/A;N/A
251.mp4;TRUE;N/A;STILL;N/A;N/A;N/A;N/A;N/A;N/A;N/A;N/A;N/A;N/A;N/A;N/A;N/A
252.mp4;TRUE;N/A;STILL;N/A;N/A;N/A;N/A;N/A;N/A;N/A;N/A;N/A;N/A;N/A;N/A;N/A
253.mp4;TRUE;N/A;STILL;N/A;N/A;N/A;N/A;N/A;N/A;N/A;N/A;N/A;N/A;N/A;N/A;N/A
254.mp4;TRUE;N/A;STILL;N/A;N/A;N/A;N/A;N/A;N/A;N/A;N/A;N/A;N/A;N/A;N/A;N/A
255.mp4;TRUE;N/A;STILL;N/A;N/A;N/A;N/A;N/A;N/A;N/A;N/A;N/A;N/A;N/A;N/A;N/A
256.mp4;TRUE;N/A;STILL;N/A;N/A;N/A;N/A;N/A;N/A;N/A;N/A;N/A;N/A;N/A;N/A;N/A
257.mp4;TRUE;N/A;STILL;N/A;N/A;N/A;N/A;N/A;N/A;N/A;N/A;N/A;N/A;N/A;N/A;N/A
258.mp4;TRUE;N/A;STILL;N/A;N/A;N/A;N/A;N/A;N/A;N/A;N/A;N/A;N/A;N/A;N/A;N/A
259.mp4;TRUE;N/A;STILL;N/A;N/A;N/A;N/A;N/A;N/A;N/A;N/A;N/A;N/A;N/A;N/A;N/A
260.mp4;TRUE;N/A;STILL;N/A;N/A;N/A;N/A;N/A;N/A;N/A;N/A;N/A;N/A;N/A;N/A;N/A
261.mp4;TRUE;N/A;STILL;N/A;N/A;N/A;N/A;N/A;N/A;N/A;N/A;N/A;N/A;N/A;N/A;N/A
262.mp4;TRUE;N/A;STILL;N/A;N/A;N/A;N/A;N/A;N/A;N/A;N/A;N/A;N/A;N/A;N/A;N/A
263.mp4;TRUE;N/A;STILL;N/A;N/A;N/A;N/A;N/A;N/A;N/A;N/A;N/A;N/A;N/A;N/A;N/A
264.mp4;TRUE;N/A;STILL;N/A;N/A;N/A;N/A;N/A;N/A;N/A;N/A;N/A;N/A;N/A;N/A;N/A
265.mp4;TRUE;N/A;STILL;N/A;N/A;N/A;N/A;N/A;N/A;N/A;N/A;N/A;N/A;N/A;N/A;N/A
266.mp4;TRUE;N/A;STILL;N/A;N/A;N/A;N/A;N/A;N/A;N/A;N/A;N/A;N/A;N/A;N/A;N/A
267.mp4;TRUE;N/A;STILL;N/A;N/A;N/A;N/A;N/A;N/A;N/A;N/A;N/A;N/A;N/A;N/A;N/A
268.mp4;TRUE;N/A;STILL;N/A;N/A;N/A;N/A;N/A;N/A;N/A;N/A;N/A;N/A;N/A;N/A;N/A
269.mp4;TRUE;N/A;STILL;N/A;N/A;N/A;N/A;N/A;N/A;N/A;N/A;N/A;N/A;N/A;N/A;N/A
270.mp4;TRUE;N/A;STILL;N/A;N/A;N/A;N/A;N/A;N/A;N/A;N/A;N/A;N/A;N/A;N/A;N/A
271.mp4;TRUE;N/A;STILL;N/A;N/A;N/A;N/A;N/A;N/A;N/A;N/A;N/A;N/A;N/A;N/A;N/A
272.mp4;TRUE;N/A;STILL;N/A;N/A;N/A;N/A;N/A;N/A;N/A;N/A;N/A;N/A;N/A;N/A;N/A
273.mp4;TRUE;N/A;STILL;N/A;N/A;N/A;N/A;N/A;N/A;N/A;N/A;N/A;N/A;N/A;N/A;N/A
274.mp4;TRUE;N/A;STILL;N/A;N/A;N/A;N/A;N/A;N/A;N/A;N/A;N/A;N/A;N/A;N/A;N/A
275.mp4;TRUE;N/A;STILL;N/A;N/A;N/A;N/A;N/A;N/A;N/A;N/A;N/A;N/A;N/A;N/A;N/A
276.mp4;TRUE;N/A;STILL;N/A;N/A;N/A;N/A;N/A;N/A;N/A;N/A;N/A;N/A;N/A;N/A;N/A
277.mp4;TRUE;N/A;STILL;N/A;N/A;N/A;N/A;N/A;N/A;N/A;N/A;N/A;N/A;N/A;N/A;N/A
278.mp4;TRUE;N/A;STILL;N/A;N/A;N/A;N/A;N/A;N/A;N/A;N/A;N/A;N/A;N/A;N/A;N/A
279.mp4;TRUE;N/A;STILL;N/A;N/A;N/A;N/A;N/A;N/A;N/A;N/A;N/A;N/A;N/A;N/A;N/A
280.mp4;TRUE;N/A;STILL;N/A;N/A;N/A;N/A;N/A;N/A;N/A;N/A;N/A;N/A;N/A;N/A;N/A
281.mp4;TRUE;N/A;STILL;N/A;N/A;N/A;N/A;N/A;N/A;N/A;N/A;N/A;N/A;N/A;N/A;N/A
282.mp4;TRUE;N/A;STILL;N/A;N/A;N/A;N/A;N/A;N/A;N/A;N/A;N/A;N/A;N/A;N/A;N/A
283.mp4;TRUE;N/A;STILL;N/A;N/A;N/A;N/A;N/A;N/A;N/A;N/A;N/A;N/A;N/A;N/A;N/A
284.mp4;TRUE;N/A;STILL;N/A;N/A;N/A;N/A;N/A;N/A;N/A;N/A;N/A;N/A;N/A;N/A;N/A
285.mp4;TRUE;N/A;STILL;N/A;N/A;N/A;N/A;N/A;N/A;N/A;N/A;N/A;N/A;N/A;N/A;N/A
286.mp4;TRUE;N/A;STILL;N/A;N/A;N/A;N/A;N/A;N/A;N/A;N/A;N/A;N/A;N/A;N/A;N/A
287.mp4;TRUE;N/A;STILL;N/A;N/A;N/A;N/A;N/A;N/A;N/A;N/A;N/A;N/A;N/A;N/A;N/A
288.mp4;TRUE;N/A;STILL;N/A;N/A;N/A;N/A;N/A;N/A;N/A;N/A;N/A;N/A;N/A;N/A;N/A
289.mp4;TRUE;N/A;STILL;N/A;N/A;N/A;N/A;N/A;N/A;N/A;N/A;N/A;N/A;N/A;N/A;N/A
290.mp4;TRUE;N/A;STILL;N/A;N/A;N/A;N/A;N/A;N/A;N/A;N/A;N/A;N/A;N/A;N/A;N/A
291.mp4;TRUE;N/A;STILL;N/A;N/A;N/A;N/A;N/A;N/A;N/A;N/A;N/A;N/A;N/A;N/A;N/A
292.mp4;TRUE;N/A;STILL;N/A;N/A;N/A;N/A;N/A;N/A;N/A;N/A;N/A;N/A;N/A;N/A;N/A
293.mp4;TRUE;N/A;STILL;N/A;N/A;N/A;N/A;N/A;N/A;N/A;N/A;N/A;N/A;N/A;N/A;N/A
294.mp4;TRUE;N/A;STILL;N/A;N/A;N/A;N/A;N/A;N/A;N/A;N/A;N/A;N/A;N/A;N/A;N/A
295.mp4;TRUE;N/A;STILL;N/A;N/A;N/A;N/A;N/A;N/A;N/A;N/A;N/A;N/A;N/A;N/A;N/A
296.mp4;TRUE;N/A;STILL;N/A;N/A;N/A;N/A;N/A;N/A;N/A;N/A;N/A;N/A;N/A;N/A;N/A
297.mp4;TRUE;N/A;STILL;N/A;N/A;N/A;N/A;N/A;N/A;N/A;N/A;N/A;N/A;N/A;N/A;N/A
298.mp4;TRUE;N/A;STILL;N/A;N/A;N/A;N/A;N/A;N/A;N/A;N/A;N/A;N/A;N/A;N/A;N/A
299.mp4;TRUE;N/A;STILL;N/A;N/A;N/A;N/A;N/A;N/A;N/A;N/A;N/A;N/A;N/A;N/A;N/A
300.mp4;TRUE;N/A;STILL;N/A;N/A;N/A;N/A;N/A;N/A;N/A;N/A;N/A;N/A;N/A;N/A;N/A
301.mp4;TRUE;N/A;STILL;N/A;N/A;N/A;N/A;N/A;N/A;N/A;N/A;N/A;N/A;N/A;N/A;N/A
302.mp4;TRUE;N/A;STILL;N/A;N/A;N/A;N/A;N/A;N/A;N/A;N/A;N/A;N/A;N/A;N/A;N/A
303.mp4;TRUE;N/A;STILL;N/A;N/A;N/A;N/A;N/A;N/A;N/A;N/A;N/A;N/A;N/A;N/A;N/A
304.mp4;TRUE;N/A;STILL;N/A;N/A;N/A;N/A;N/A;N/A;N/A;N/A;N/A;N/A;N/A;N/A;N/A
305.mp4;TRUE;N/A;STILL;N/A;N/A;N/A;N/A;N/A;N/A;N/A;N/A;N/A;N/A;N/A;N/A;N/A
306.mp4;TRUE;N/A;STILL;N/A;N/A;N/A;N/A;N/A;N/A;N/A;N/A;N/A;N/A;N/A;N/A;N/A
307.mp4;TRUE;N/A;STILL;N/A;N/A;N/A;N/A;N/A;N/A;N/A;N/A;N/A;N/A;N/A;N/A;N/A
308.mp4;TRUE;N/A;STILL;N/A;N/A;N/A;N/A;N/A;N/A;N/A;N/A;N/A;N/A;N/A;N/A;N/A
309.mp4;TRUE;N/A;STILL;N/A;N/A;N/A;N/A;N/A;N/A;N/A;N/A;N/A;N/A;N/A;N/A;N/A
310.mp4;TRUE;N/A;STILL;N/A;N/A;N/A;N/A;N/A;N/A;N/A;N/A;N/A;N/A;N/A;N/A;N/A
311.mp4;TRUE;N/A;STILL;N/A;N/A;N/A;N/A;N/A;N/A;N/A;N/A;N/A;N/A;N/A;N/A;N/A
312.mp4;TRUE;N/A;STILL;N/A;N/A;N/A;N/A;N/A;N/A;N/A;N/A;N/A;N/A;N/A;N/A;N/A
313.mp4;TRUE;N/A;STILL;N/A;N/A;N/A;N/A;N/A;N/A;N/A;N/A;N/A;N/A;N/A;N/A;N/A
314.mp4;TRUE;N/A;STILL;N/A;N/A;N/A;N/A;N/A;N/A;N/A;N/A;N/A;N/A;N/A;N/A;N/A
315.mp4;TRUE;N/A;STILL;N/A;N/A;N/A;N/A;N/A;N/A;N/A;N/A;N/A;N/A;N/A;N/A;N/A
316.mp4;TRUE;N/A;STILL;N/A;N/A;N/A;N/A;N/A;N/A;N/A;N/A;N/A;N/A;N/A;N/A;N/A
317.mp4;TRUE;N/A;STILL;N/A;N/A;N/A;N/A;N/A;N/A;N/A;N/A;N/A;N/A;N/A;N/A;N/A
318.mp4;TRUE;N/A;STILL;N/A;N/A;N/A;N/A;N/A;N/A;N/A;N/A;N/A;N/A;N/A;N/A;N/A
319.mp4;TRUE;N/A;STILL;N/A;N/A;N/A;N/A;N/A;N/A;N/A;N/A;N/A;N/A;N/A;N/A;N/A
320.mp4;TRUE;N/A;STILL;N/A;N/A;N/A;N/A;N/A;N/A;N/A;N/A;N/A;N/A;N/A;N/A;N/A
321.mp4;TRUE;N/A;STILL;N/A;N/A;N/A;N/A;N/A;N/A;N/A;N/A;N/A;N/A;N/A;N/A;N/A
322.mp4;TRUE;N/A;STILL;N/A;N/A;N/A;N/A;N/A;N/A;N/A;N/A;N/A;N/A;N/A;N/A;N/A
323.mp4;TRUE;N/A;STILL;N/A;N/A;N/A;N/A;N/A;N/A;N/A;N/A;N/A;N/A;N/A;N/A;N/A
324.mp4;TRUE;N/A;STILL;N/A;N/A;N/A;N/A;N/A;N/A;N/A;N/A;N/A;N/A;N/A;N/A;N/A
325.mp4;TRUE;N/A;STILL;N/A;N/A;N/A;N/A;N/A;N/A;N/A;N/A;N/A;N/A;N/A;N/A;N/A
326.mp4;TRUE;N/A;STILL;N/A;N/A;N/A;N/A;N/A;N/A;N/A;N/A;N/A;N/A;N/A;N/A;N/A
327.mp4;TRUE;N/A;STILL;N/A;N/A;N/A;N/A;N/A;N/A;N/A;N/A;N/A;N/A;N/A;N/A;N/A
328.mp4;TRUE;N/A;STILL;N/A;N/A;N/A;N/A;N/A;N/A;N/A;N/A;N/A;N/A;N/A;N/A;N/A
329.mp4;TRUE;N/A;STILL;N/A;N/A;N/A;N/A;N/A;N/A;N/A;N/A;N/A;N/A;N/A;N/A;N/A
330.mp4;TRUE;N/A;STILL;N/A;N/A;N/A;N/A;N/A;N/A;N/A;N/A;N/A;N/A;N/A;N/A;N/A
331.mp4;TRUE;N/A;STILL;N/A;N/A;N/A;N/A;N/A;N/A;N/A;N/A;N/A;N/A;N/A;N/A;N/A
332.mp4;TRUE;N/A;STILL;N/A;N/A;N/A;N/A;N/A;N/A;N/A;N/A;N/A;N/A;N/A;N/A;N/A
333.mp4;TRUE;N/A;STILL;N/A;N/A;N/A;N/A;N/A;N/A;N/A;N/A;N/A;N/A;N/A;N/A;N/A
334.mp4;TRUE;N/A;STILL;N/A;N/A;N/A;N/A;N/A;N/A;N/A;N/A;N/A;N/A;N/A;N/A;N/A
335.mp4;TRUE;N/A;STILL;N/A;N/A;N/A;N/A;N/A;N/A;N/A;N/A;N/A;N/A;N/A;N/A;N/A
336.mp4;TRUE;N/A;STILL;N/A;N/A;N/A;N/A;N/A;N/A;N/A;N/A;N/A;N/A;N/A;N/A;N/A
337.mp4;TRUE;N/A;STILL;N/A;N/A;N/A;N/A;N/A;N/A;N/A;N/A;N/A;N/A;N/A;N/A;N/A
338.mp4;TRUE;N/A;STILL;N/A;N/A;N/A;N/A;N/A;N/A;N/A;N/A;N/A;N/A;N/A;N/A;N/A
339.mp4;TRUE;N/A;STILL;N/A;N/A;N/A;N/A;N/A;N/A;N/A;N/A;N/A;N/A;N/A;N/A;N/A
340.mp4;TRUE;N/A;STILL;N/A;N/A;N/A;N/A;N/A;N/A;N/A;N/A;N/A;N/A;N/A;N/A;N/A
341.mp4;TRUE;N/A;STILL;N/A;N/A;N/A;N/A;N/A;N/A;N/A;N/A;N/A;N/A;N/A;N/A;N/A
342.mp4;TRUE;N/A;STILL;N/A;N/A;N/A;N/A;N/A;N/A;N/A;N/A;N/A;N/A;N/A;N/A;N/A
343.mp4;TRUE;N/A;STILL;N/A;N/A;N/A;N/A;N/A;N/A;N/A;N/A;N/A;N/A;N/A;N/A;N/A
344.mp4;TRUE;N/A;STILL;N/A;N/A;N/A;N/A;N/A;N/A;N/A;N/A;N/A;N/A;N/A;N/A;N/A
345.mp4;TRUE;N/A;STILL;N/A;N/A;N/A;N/A;N/A;N/A;N/A;N/A;N/A;N/A;N/A;N/A;N/A
346.mp4;TRUE;N/A;STILL;N/A;N/A;N/A;N/A;N/A;N/A;N/A;N/A;N/A;N/A;N/A;N/A;N/A
347.mp4;TRUE;N/A;STILL;N/A;N/A;N/A;N/A;N/A;N/A;N/A;N/A;N/A;N/A;N/A;N/A;N/A
348.mp4;TRUE;N/A;STILL;N/A;N/A;N/A;N/A;N/A;N/A;N/A;N/A;N/A;N/A;N/A;N/A;N/A
349.mp4;TRUE;N/A;STILL;N/A;N/A;N/A;N/A;N/A;N/A;N/A;N/A;N/A;N/A;N/A;N/A;N/A
350.mp4;TRUE;N/A;STILL;N/A;N/A;N/A;N/A;N/A;N/A;N/A;N/A;N/A;N/A;N/A;N/A;N/A
351.mp4;TRUE;N/A;STILL;N/A;N/A;N/A;N/A;N/A;N/A;N/A;N/A;N/A;N/A;N/A;N/A;N/A
352.mp4;TRUE;N/A;STILL;N/A;N/A;N/A;N/A;N/A;N/A;N/A;N/A;N/A;N/A;N/A;N/A;N/A
353.mp4;TRUE;N/A;STILL;N/A;N/A;N/A;N/A;N/A;N/A;N/A;N/A;N/A;N/A;N/A;N/A;N/A
354.mp4;TRUE;N/A;STILL;N/A;N/A;N/A;N/A;N/A;N/A;N/A;N/A;N/A;N/A;N/A;N/A;N/A
355.mp4;TRUE;N/A;STILL;N/A;N/A;N/A;N/A;N/A;N/A;N/A;N/A;N/A;N/A;N/A;N/A;N/A
356.mp4;TRUE;N/A;STILL;N/A;N/A;N/A;N/A;N/A;N/A;N/A;N/A;N/A;N/A;N/A;N/A;N/A
357.mp4;TRUE;N/A;STILL;N/A;N/A;N/A;N/A;N/A;N/A;N/A;N/A;N/A;N/A;N/A;N/A;N/A
358.mp4;TRUE;N/A;STILL;N/A;N/A;N/A;N/A;N/A;N/A;N/A;N/A;N/A;N/A;N/A;N/A;N/A
359.mp4;TRUE;N/A;STILL;N/A;N/A;N/A;N/A;N/A;N/A;N/A;N/A;N/A;N/A;N/A;N/A;N/A
360.mp4;TRUE;N/A;STILL;N/A;N/A;N/A;N/A;N/A;N/A;N/A;N/A;N/A;N/A;N/A;N/A;N/A
361.mp4;TRUE;N/A;STILL;N/A;N/A;N/A;N/A;N/A;N/A;N/A;N/A;N/A;N/A;N/A;N/A;N/A
362.mp4;TRUE;N/A;STILL;N/A;N/A;N/A;N/A;N/A;N/A;N/A;N/A;N/A;N/A;N/A;N/A;N/A
363.mp4;TRUE;N/A;STILL;N/A;N/A;N/A;N/A;N/A;N/A;N/A;N/A;N/A;N/A;N/A;N/A;N/A
364.mp4;TRUE;N/A;STILL;N/A;N/A;N/A;N/A;N/A;N/A;N/A;N/A;N/A;N/A;N/A;N/A;N/A
365.mp4;TRUE;N/A;STILL;N/A;N/A;N/A;N/A;N/A;N/A;N/A;N/A;N/A;N/A;N/A;N/A;N/A
366.mp4;TRUE;N/A;STILL;N/A;N/A;N/A;N/A;N/A;N/A;N/A;N/A;N/A;N/A;N/A;N/A;N/A
367.mp4;TRUE;N/A;STILL;N/A;N/A;N/A;N/A;N/A;N/A;N/A;N/A;N/A;N/A;N/A;N/A;N/A
368.mp4;TRUE;N/A;STILL;N/A;N/A;N/A;N/A;N/A;N/A;N/A;N/A;N/A;N/A;N/A;N/A;N/A
369.mp4;TRUE;N/A;STILL;N/A;N/A;N/A;N/A;N/A;N/A;N/A;N/A;N/A;N/A;N/A;N/A;N/A
370.mp4;TRUE;N/A;STILL;N/A;N/A;N/A;N/A;N/A;N/A;N/A;N/A;N/A;N/A;N/A;N/A;N/A
371.mp4;TRUE;N/A;STILL;N/A;N/A;N/A;N/A;N/A;N/A;N/A;N/A;N/A;N/A;N/A;N/A;N/A
372.mp4;TRUE;N/A;STILL;N/A;N/A;N/A;N/A;N/A;N/A;N/A;N/A;N/A;N/A;N/A;N/A;N/A
373.mp4;TRUE;N/A;STILL;N/A;N/A;N/A;N/A;N/A;N/A;N/A;N/A;N/A;N/A;N/A;N/A;N/A
374.mp4;TRUE;N/A;STILL;N/A;N/A;N/A;N/A;N/A;N/A;N/A;N/A;N/A;N/A;N/A;N/A;N/A
375.mp4;TRUE;N/A;STILL;N/A;N/A;N/A;N/A;N/A;N/A;N/A;N/A;N/A;N/A;N/A;N/A;N/A
376.mp4;TRUE;N/A;STILL;N/A;N/A;N/A;N/A;N/A;N/A;N/A;N/A;N/A;N/A;N/A;N/A;N/A
377.mp4;TRUE;N/A;STILL;N/A;N/A;N/A;N/A;N/A;N/A;N/A;N/A;N/A;N/A;N/A;N/A;N/A
378.mp4;TRUE;N/A;STILL;N/A;N/A;N/A;N/A;N/A;N/A;N/A;N/A;N/A;N/A;N/A;N/A;N/A
379.mp4;TRUE;N/A;STILL;N/A;N/A;N/A;N/A;N/A;N/A;N/A;N/A;N/A;N/A;N/A;N/A;N/A
380.mp4;TRUE;N/A;STILL;N/A;N/A;N/A;N/A;N/A;N/A;N/A;N/A;N/A;N/A;N/A;N/A;N/A
381.mp4;TRUE;N/A;STILL;N/A;N/A;N/A;N/A;N/A;N/A;N/A;N/A;N/A;N/A;N/A;N/A;N/A
382.mp4;TRUE;N/A;STILL;N/A;N/A;N/A;N/A;N/A;N/A;N/A;N/A;N/A;N/A;N/A;N/A;N/A
383.mp4;TRUE;N/A;STILL;N/A;N/A;N/A;N/A;N/A;N/A;N/A;N/A;N/A;N/A;N/A;N/A;N/A
384.mp4;TRUE;N/A;STILL;N/A;N/A;N/A;N/A;N/A;N/A;N/A;N/A;N/A;N/A;N/A;N/A;N/A
385.mp4;TRUE;N/A;STILL;N/A;N/A;N/A;N/A;N/A;N/A;N/A;N/A;N/A;N/A;N/A;N/A;N/A
386.mp4;TRUE;N/A;STILL;N/A;N/A;N/A;N/A;N/A;N/A;N/A;N/A;N/A;N/A;N/A;N/A;N/A
387.mp4;TRUE;N/A;STILL;N/A;N/A;N/A;N/A;N/A;N/A;N/A;N/A;N/A;N/A;N/A;N/A;N/A
388.mp4;TRUE;N/A;STILL;N/A;N/A;N/A;N/A;N/A;N/A;N/A;N/A;N/A;N/A;N/A;N/A;N/A
389.mp4;TRUE;N/A;STILL;N/A;N/A;N/A;N/A;N/A;N/A;N/A;N/A;N/A;N/A;N/A;N/A;N/A
390.mp4;TRUE;N/A;STILL;N/A;N/A;N/A;N/A;N/A;N/A;N/A;N/A;N/A;N/A;N/A;N/A;N/A
391.mp4;TRUE;N/A;STILL;N/A;N/A;N/A;N/A;N/A;N/A;N/A;N/A;N/A;N/A;N/A;N/A;N/A
392.mp4;TRUE;N/A;STILL;N/A;N/A;N/A;N/A;N/A;N/A;N/A;N/A;N/A;N/A;N/A;N/A;N/A
393.mp4;TRUE;N/A;STILL;N/A;N/A;N/A;N/A;N/A;N/A;N/A;N/A;N/A;N/A;N/A;N/A;N/A
394.mp4;TRUE;N/A;STILL;N/A;N/A;N/A;N/A;N/A;N/A;N/A;N/A;N/A;N/A;N/A;N/A;N/A
395.mp4;TRUE;N/A;STILL;N/A;N/A;N/A;N/A;N/A;N/A;N/A;N/A;N/A;N/A;N/A;N/A;N/A
396.mp4;TRUE;N/A;STILL;N/A;N/A;N/A;N/A;N/A;N/A;N/A;N/A;N/A;N/A;N/A;N/A;N/A
397.mp4;TRUE;N/A;STILL;N/A;N/A;N/A;N/A;N/A;N/A;N/A;N/A;N/A;N/A;N/A;N/A;N/A
398.mp4;TRUE;N/A;STILL;N/A;N/A;N/A;N/A;N/A;N/A;N/A;N/A;N/A;N/A;N/A;N/A;N/A
399.mp4;TRUE;N/A;STILL;N/A;N/A;N/A;N/A;N/A;N/A;N/A;N/A;N/A;N/A;N/A;N/A;N/A
400.mp4;TRUE;N/A;STILL;N/A;N/A;N/A;N/A;N/A;N/A;N/A;N/A;N/A;N/A;N/A;N/A;N/A
401.mp4;TRUE;N/A;STILL;N/A;N/A;N/A;N/A;N/A;N/A;N/A;N/A;N/A;N/A;N/A;N/A;N/A
402.mp4;TRUE;N/A;STILL;N/A;N/A;N/A;N/A;N/A;N/A;N/A;N/A;N/A;N/A;N/A;N/A;N/A
403.mp4;TRUE;N/A;STILL;N/A;N/A;N/A;N/A;N/A;N/A;N/A;N/A;N/A;N/A;N/A;N/A;N/A
404.mp4;TRUE;N/A;STILL;N/A;N/A;N/A;N/A;N/A;N/A;N/A;N/A;N/A;N/A;N/A;N/A;N/A
405.mp4;TRUE;N/A;STILL;N/A;N/A;N/A;N/A;N/A;N/A;N/A;N/A;N/A;N/A;N/A;N/A;N/A
406.mp4;TRUE;N/A;STILL;N/A;N/A;N/A;N/A;N/A;N/A;N/A;N/A;N/A;N/A;N/A;N/A;N/A
407.mp4;TRUE;N/A;STILL;N/A;N/A;N/A;N/A;N/A;N/A;N/A;N/A;N/A;N/A;N/A;N/A;N/A
408.mp4;TRUE;N/A;STILL;N/A;N/A;N/A;N/A;N/A;N/A;N/A;N/A;N/A;N/A;N/A;N/A;N/A
409.mp4;TRUE;N/A;STILL;N/A;N/A;N/A;N/A;N/A;N/A;N/A;N/A;N/A;N/A;N/A;N/A;N/A
410.mp4;TRUE;N/A;STILL;N/A;N/A;N/A;N/A;N/A;N/A;N/A;N/A;N/A;N/A;N/A;N/A;N/A
411.mp4;TRUE;N/A;STILL;N/A;N/A;N/A;N/A;N/A;N/A;N/A;N/A;N/A;N/A;N/A;N/A;N/A
412.mp4;TRUE;N/A;STILL;N/A;N/A;N/A;N/A;N/A;N/A;N/A;N/A;N/A;N/A;N/A;N/A;N/A
413.mp4;TRUE;N/A;STILL;N/A;N/A;N/A;N/A;N/A;N/A;N/A;N/A;N/A;N/A;N/A;N/A;N/A
414.mp4;TRUE;N/A;STILL;N/A;N/A;N/A;N/A;N/A;N/A;N/A;N/A;N/A;N/A;N/A;N/A;N/A
415.mp4;TRUE;N/A;STILL;N/A;N/A;N/A;N/A;N/A;N/A;N/A;N/A;N/A;N/A;N/A;N/A;N/A
416.mp4;TRUE;N/A;STILL;N/A;N/A;N/A;N/A;N/A;N/A;N/A;N/A;N/A;N/A;N/A;N/A;N/A
417.mp4;TRUE;N/A;STILL;N/A;N/A;N/A;N/A;N/A;N/A;N/A;N/A;N/A;N/A;N/A;N/A;N/A
418.mp4;TRUE;N/A;STILL;N/A;N/A;N/A;N/A;N/A;N/A;N/A;N/A;N/A;N/A;N/A;N/A;N/A
419.mp4;TRUE;N/A;STILL;N/A;N/A;N/A;N/A;N/A;N/A;N/A;N/A;N/A;N/A;N/A;N/A;N/A
420.mp4;TRUE;N/A;STILL;N/A;N/A;N/A;N/A;N/A;N/A;N/A;N/A;N/A;N/A;N/A;N/A;N/A
421.mp4;TRUE;N/A;STILL;N/A;N/A;N/A;N/A;N/A;N/A;N/A;N/A;N/A;N/A;N/A;N/A;N/A
422.mp4;TRUE;N/A;STILL;N/A;N/A;N/A;N/A;N/A;N/A;N/A;N/A;N/A;N/A;N/A;N/A;N/A
423.mp4;TRUE;N/A;STILL;N/A;N/A;N/A;N/A;N/A;N/A;N/A;N/A;N/A;N/A;N/A;N/A;N/A
424.mp4;TRUE;N/A;STILL;N/A;N/A;N/A;N/A;N/A;N/A;N/A;N/A;N/A;N/A;N/A;N/A;N/A
425.mp4;TRUE;N/A;STILL;N/A;N/A;N/A;N/A;N/A;N/A;N/A;N/A;N/A;N/A;N/A;N/A;N/A
426.mp4;TRUE;N/A;STILL;N/A;N/A;N/A;N/A;N/A;N/A;N/A;N/A;N/A;N/A;N/A;N/A;N/A
427.mp4;TRUE;N/A;STILL;N/A;N/A;N/A;N/A;N/A;N/A;N/A;N/A;N/A;N/A;N/A;N/A;N/A
428.mp4;TRUE;N/A;STILL;N/A;N/A;N/A;N/A;N/A;N/A;N/A;N/A;N/A;N/A;N/A;N/A;N/A
429.mp4;TRUE;N/A;STILL;N/A;N/A;N/A;N/A;N/A;N/A;N/A;N/A;N/A;N/A;N/A;N/A;N/A
430.mp4;TRUE;N/A;STILL;N/A;N/A;N/A;N/A;N/A;N/A;N/A;N/A;N/A;N/A;N/A;N/A;N/A
431.mp4;TRUE;N/A;STILL;N/A;N/A;N/A;N/A;N/A;N/A;N/A;N/A;N/A;N/A;N/A;N/A;N/A
432.mp4;TRUE;N/A;STILL;N/A;N/A;N/A;N/A;N/A;N/A;N/A;N/A;N/A;N/A;N/A;N/A;N/A
433.mp4;TRUE;N/A;STILL;N/A;N/A;N/A;N/A;N/A;N/A;N/A;N/A;N/A;N/A;N/A;N/A;N/A
434.mp4;TRUE;N/A;STILL;N/A;N/A;N/A;N/A;N/A;N/A;N/A;N/A;N/A;N/A;N/A;N/A;N/A
435.mp4;TRUE;N/A;STILL;N/A;N/A;N/A;N/A;N/A;N/A;N/A;N/A;N/A;N/A;N/A;N/A;N/A
436.mp4;TRUE;N/A;STILL;N/A;N/A;N/A;N/A;N/A;N/A;N/A;N/A;N/A;N/A;N/A;N/A;N/A
437.mp4;TRUE;N/A;STILL;N/A;N/A;N/A;N/A;N/A;N/A;N/A;N/A;N/A;N/A;N/A;N/A;N/A
438.mp4;TRUE;N/A;STILL;N/A;N/A;N/A;N/A;N/A;N/A;N/A;N/A;N/A;N/A;N/A;N/A;N/A
439.mp4;TRUE;N/A;STILL;N/A;N/A;N/A;N/A;N/A;N/A;N/A;N/A;N/A;N/A;N/A;N/A;N/A
440.mp4;TRUE;N/A;STILL;N/A;N/A;N/A;N/A;N/A;N/A;N/A;N/A;N/A;N/A;N/A;N/A;N/A
441.mp4;TRUE;N/A;STILL;N/A;N/A;N/A;N/A;N/A;N/A;N/A;N/A;N/A;N/A;N/A;N/A;N/A
442.mp4;TRUE;N/A;STILL;N/A;N/A;N/A;N/A;N/A;N/A;N/A;N/A;N/A;N/A;N/A;N/A;N/A
443.mp4;TRUE;N/A;STILL;N/A;N/A;N/A;N/A;N/A;N/A;N/A;N/A;N/A;N/A;N/A;N/A;N/A
444.mp4;TRUE;N/A;STILL;N/A;N/A;N/A;N/A;N/A;N/A;N/A;N/A;N/A;N/A;N/A;N/A;N/A
445.mp4;TRUE;N/A;STILL;N/A;N/A;N/A;N/A;N/A;N/A;N/A;N/A;N/A;N/A;N/A;N/A;N/A
446.mp4;TRUE;N/A;STILL;N/A;N/A;N/A;N/A;N/A;N/A;N/A;N/A;N/A;N/A;N/A;N/A;N/A
447.mp4;TRUE;N/A;STILL;N/A;N/A;N/A;N/A;N/A;N/A;N/A;N/A;N/A;N/A;N/A;N/A;N/A
448.mp4;TRUE;N/A;STILL;N/A;N/A;N/A;N/A;N/A;N/A;N/A;N/A;N/A;N/A;N/A;N/A;N/A
449.mp4;TRUE;N/A;STILL;N/A;N/A;N/A;N/A;N/A;N/A;N/A;N/A;N/A;N/A;N/A;N/A;N/A
450.mp4;TRUE;N/A;STILL;N/A;N/A;N/A;N/A;N/A;N/A;N/A;N/A;N/A;N/A;N/A;N/A;N/A
451.mp4;TRUE;N/A;STILL;N/A;N/A;N/A;N/A;N/A;N/A;N/A;N/A;N/A;N/A;N/A;N/A;N/A
452.mp4;TRUE;N/A;STILL;N/A;N/A;N/A;N/A;N/A;N/A;N/A;N/A;N/A;N/A;N/A;N/A;N/A
453.mp4;TRUE;N/A;STILL;N/A;N/A;N/A;N/A;N/A;N/A;N/A;N/A;N/A;N/A;N/A;N/A;N/A
454.mp4;TRUE;N/A;STILL;N/A;N/A;N/A;N/A;N/A;N/A;N/A;N/A;N/A;N/A;N/A;N/A;N/A
455.mp4;TRUE;N/A;STILL;N/A;N/A;N/A;N/A;N/A;N/A;N/A;N/A;N/A;N/A;N/A;N/A;N/A
456.mp4;TRUE;N/A;STILL;N/A;N/A;N/A;N/A;N/A;N/A;N/A;N/A;N/A;N/A;N/A;N/A;N/A
457.mp4;TRUE;N/A;STILL;N/A;N/A;N/A;N/A;N/A;N/A;N/A;N/A;N/A;N/A;N/A;N/A;N/A
458.mp4;TRUE;N/A;STILL;N/A;N/A;N/A;N/A;N/A;N/A;N/A;N/A;N/A;N/A;N/A;N/A;N/A
459.mp4;TRUE;N/A;STILL;N/A;N/A;N/A;N/A;N/A;N/A;N/A;N/A;N/A;N/A;N/A;N/A;N/A
460.mp4;TRUE;N/A;STILL;N/A;N/A;N/A;N/A;N/A;N/A;N/A;N/A;N/A;N/A;N/A;N/A;N/A
461.mp4;TRUE;N/A;STILL;N/A;N/A;N/A;N/A;N/A;N/A;N/A;N/A;N/A;N/A;N/A;N/A;N/A
462.mp4;TRUE;N/A;STILL;N/A;N/A;N/A;N/A;N/A;N/A;N/A;N/A;N/A;N/A;N/A;N/A;N/A
463.mp4;TRUE;N/A;STILL;N/A;N/A;N/A;N/A;N/A;N/A;N/A;N/A;N/A;N/A;N/A;N/A;N/A
464.mp4;TRUE;N/A;STILL;N/A;N/A;N/A;N/A;N/A;N/A;N/A;N/A;N/A;N/A;N/A;N/A;N/A
465.mp4;TRUE;N/A;STILL;N/A;N/A;N/A;N/A;N/A;N/A;N/A;N/A;N/A;N/A;N/A;N/A;N/A
466.mp4;TRUE;N/A;STILL;N/A;N/A;N/A;N/A;N/A;N/A;N/A;N/A;N/A;N/A;N/A;N/A;N/A
467.mp4;TRUE;N/A;STILL;N/A;N/A;N/A;N/A;N/A;N/A;N/A;N/A;N/A;N/A;N/A;N/A;N/A
468.mp4;TRUE;N/A;STILL;N/A;N/A;N/A;N/A;N/A;N/A;N/A;N/A;N/A;N/A;N/A;N/A;N/A
469.mp4;TRUE;N/A;STILL;N/A;N/A;N/A;N/A;N/A;N/A;N/A;N/A;N/A;N/A;N/A;N/A;N/A
470.mp4;TRUE;N/A;STILL;N/A;N/A;N/A;N/A;N/A;N/A;N/A;N/A;N/A;N/A;N/A;N/A;N/A
471.mp4;TRUE;N/A;STILL;N/A;N/A;N/A;N/A;N/A;N/A;N/A;N/A;N/A;N/A;N/A;N/A;N/A
472.mp4;TRUE;N/A;STILL;N/A;N/A;N/A;N/A;N/A;N/A;N/A;N/A;N/A;N/A;N/A;N/A;N/A
473.mp4;TRUE;N/A;STILL;N/A;N/A;N/A;N/A;N/A;N/A;N/A;N/A;N/A;N/A;N/A;N/A;N/A
474.mp4;TRUE;N/A;STILL;N/A;N/A;N/A;N/A;N/A;N/A;N/A;N/A;N/A;N/A;N/A;N/A;N/A
475.mp4;TRUE;N/A;STILL;N/A;N/A;N/A;N/A;N/A;N/A;N/A;N/A;N/A;N/A;N/A;N/A;N/A
476.mp4;TRUE;N/A;STILL;N/A;N/A;N/A;N/A;N/A;N/A;N/A;N/A;N/A;N/A;N/A;N/A;N/A
477.mp4;TRUE;N/A;STILL;N/A;N/A;N/A;N/A;N/A;N/A;N/A;N/A;N/A;N/A;N/A;N/A;N/A
478.mp4;TRUE;N/A;STILL;N/A;N/A;N/A;N/A;N/A;N/A;N/A;N/A;N/A;N/A;N/A;N/A;N/A
479.mp4;TRUE;N/A;STILL;N/A;N/A;N/A;N/A;N/A;N/A;N/A;N/A;N/A;N/A;N/A;N/A;N/A
480.mp4;TRUE;N/A;STILL;N/A;N/A;N/A;N/A;N/A;N/A;N/A;N/A;N/A;N/A;N/A;N/A;N/A
481.mp4;TRUE;N/A;STILL;N/A;N/A;N/A;N/A;N/A;N/A;N/A;N/A;N/A;N/A;N/A;N/A;N/A
482.mp4;TRUE;N/A;STILL;N/A;N/A;N/A;N/A;N/A;N/A;N/A;N/A;N/A;N/A;N/A;N/A;N/A
483.mp4;TRUE;N/A;STILL;N/A;N/A;N/A;N/A;N/A;N/A;N/A;N/A;N/A;N/A;N/A;N/A;N/A
484.mp4;TRUE;N/A;STILL;N/A;N/A;N/A;N/A;N/A;N/A;N/A;N/A;N/A;N/A;N/A;N/A;N/A
485.mp4;TRUE;N/A;STILL;N/A;N/A;N/A;N/A;N/A;N/A;N/A;N/A;N/A;N/A;N/A;N/A;N/A
486.mp4;TRUE;N/A;STILL;N/A;N/A;N/A;N/A;N/A;N/A;N/A;N/A;N/A;N/A;N/A;N/A;N/A
487.mp4;TRUE;N/A;STILL;N/A;N/A;N/A;N/A;N/A;N/A;N/A;N/A;N/A;N/A;N/A;N/A;N/A
488.mp4;TRUE;N/A;STILL;N/A;N/A;N/A;N/A;N/A;N/A;N/A;N/A;N/A;N/A;N/A;N/A;N/A
489.mp4;TRUE;N/A;STILL;N/A;N/A;N/A;N/A;N/A;N/A;N/A;N/A;N/A;N/A;N/A;N/A;N/A
490.mp4;TRUE;N/A;STILL;N/A;N/A;N/A;N/A;N/A;N/A;N/A;N/A;N/A;N/A;N/A;N/A;N/A
491.mp4;TRUE;N/A;STILL;N/A;N/A;N/A;N/A;N/A;N/A;N/A;N/A;N/A;N/A;N/A;N/A;N/A
492.mp4;TRUE;N/A;STILL;N/A;N/A;N/A;N/A;N/A;N/A;N/A;N/A;N/A;N/A;N/A;N/A;N/A
493.mp4;TRUE;N/A;STILL;N/A;N/A;N/A;N/A;N/A;N/A;N/A;N/A;N/A;N/A;N/A;N/A;N/A
494.mp4;TRUE;N/A;STILL;N/A;N/A;N/A;N/A;N/A;N/A;N/A;N/A;N/A;N/A;N/A;N/A;N/A
495.mp4;TRUE;N/A;STILL;N/A;N/A;N/A;N/A;N/A;N/A;N/A;N/A;N/A;N/A;N/A;N/A;N/A
496.mp4;TRUE;N/A;STILL;N/A;N/A;N/A;N/A;N/A;N/A;N/A;N/A;N/A;N/A;N/A;N/A;N/A
497.mp4;TRUE;N/A;STILL;N/A;N/A;N/A;N/A;N/A;N/A;N/A;N/A;N/A;N/A;N/A;N/A;N/A
498.mp4;TRUE;N/A;STILL;N/A;N/A;N/A;N/A;N/A;N/A;N/A;N/A;N/A;N/A;N/A;N/A;N/A
499.mp4;TRUE;N/A;STILL;N/A;N/A;N/A;N/A;N/A;N/A;N/A;N/A;N/A;N/A;N/A;N/A;N/A
500.mp4;TRUE;N/A;STILL;N/A;N/A;N/A;N/A;N/A;N/A;N/A;N/A;N/A;N/A;N/A;N/A;N/A
501.mp4;TRUE;N/A;STILL;N/A;N/A;N/A;N/A;N/A;N/A;N/A;N/A;N/A;N/A;N/A;N/A;N/A
502.mp4;TRUE;N/A;STILL;N/A;N/A;N/A;N/A;N/A;N/A;N/A;N/A;N/A;N/A;N/A;N/A;N/A
503.mp4;TRUE;N/A;STILL;N/A;N/A;N/A;N/A;N/A;N/A;N/A;N/A;N/A;N/A;N/A;N/A;N/A
504.mp4;TRUE;N/A;STILL;N/A;N/A;N/A;N/A;N/A;N/A;N/A;N/A;N/A;N/A;N/A;N/A;N/A
505.mp4;TRUE;N/A;STILL;N/A;N/A;N/A;N/A;N/A;N/A;N/A;N/A;N/A;N/A;N/A;N/A;N/A
506.mp4;TRUE;N/A;STILL;N/A;N/A;N/A;N/A;N/A;N/A;N/A;N/A;N/A;N/A;N/A;N/A;N/A
507.mp4;TRUE;N/A;STILL;N/A;N/A;N/A;N/A;N/A;N/A;N/A;N/A;N/A;N/A;N/A;N/A;N/A
508.mp4;TRUE;N/A;STILL;N/A;N/A;N/A;N/A;N/A;N/A;N/A;N/A;N/A;N/A;N/A;N/A;N/A
509.mp4;TRUE;N/A;STILL;N/A;N/A;N/A;N/A;N/A;N/A;N/A;N/A;N/A;N/A;N/A;N/A;N/A
510.mp4;TRUE;N/A;STILL;N/A;N/A;N/A;N/A;N/A;N/A;N/A;N/A;N/A;N/A;N/A;N/A;N/A
511.mp4;TRUE;N/A;STILL;N/A;N/A;N/A;N/A;N/A;N/A;N/A;N/A;N/A;N/A;N/A;N/A;N/A
512.mp4;TRUE;N/A;STILL;N/A;N/A;N/A;N/A;N/A;N/A;N/A;N/A;N/A;N/A;N/A;N/A;N/A
513.mp4;TRUE;N/A;STILL;N/A;N/A;N/A;N/A;N/A;N/A;N/A;N/A;N/A;N/A;N/A;N/A;N/A
514.mp4;TRUE;N/A;STILL;N/A;N/A;N/A;N/A;N/A;N/A;N/A;N/A;N/A;N/A;N/A;N/A;N/A
515.mp4;TRUE;N/A;STILL;N/A;N/A;N/A;N/A;N/A;N/A;N/A;N/A;N/A;N/A;N/A;N/A;N/A
516.mp4;TRUE;N/A;STILL;N/A;N/A;N/A;N/A;N/A;N/A;N/A;N/A;N/A;N/A;N/A;N/A;N/A
517.mp4;TRUE;N/A;STILL;N/A;N/A;N/A;N/A;N/A;N/A;N/A;N/A;N/A;N/A;N/A;N/A;N/A
518.mp4;TRUE;N/A;STILL;N/A;N/A;N/A;N/A;N/A;N/A;N/A;N/A;N/A;N/A;N/A;N/A;N/A
519.mp4;TRUE;N/A;STILL;N/A;N/A;N/A;N/A;N/A;N/A;N/A;N/A;N/A;N/A;N/A;N/A;N/A
520.mp4;TRUE;N/A;STILL;N/A;N/A;N/A;N/A;N/A;N/A;N/A;N/A;N/A;N/A;N/A;N/A;N/A
521.mp4;TRUE;N/A;STILL;N/A;N/A;N/A;N/A;N/A;N/A;N/A;N/A;N/A;N/A;N/A;N/A;N/A
522.mp4;TRUE;N/A;STILL;N/A;N/A;N/A;N/A;N/A;N/A;N/A;N/A;N/A;N/A;N/A;N/A;N/A
523.mp4;TRUE;N/A;STILL;N/A;N/A;N/A;N/A;N/A;N/A;N/A;N/A;N/A;N/A;N/A;N/A;N/A
524.mp4;TRUE;N/A;STILL;N/A;N/A;N/A;N/A;N/A;N/A;N/A;N/A;N/A;N/A;N/A;N/A;N/A
525.mp4;TRUE;N/A;STILL;N/A;N/A;N/A;N/A;N/A;N/A;N/A;N/A;N/A;N/A;N/A;N/A;N/A
526.mp4;TRUE;N/A;STILL;N/A;N/A;N/A;N/A;N/A;N/A;N/A;N/A;N/A;N/A;N/A;N/A;N/A
527.mp4;TRUE;N/A;STILL;N/A;N/A;N/A;N/A;N/A;N/A;N/A;N/A;N/A;N/A;N/A;N/A;N/A
528.mp4;TRUE;N/A;STILL;N/A;N/A;N/A;N/A;N/A;N/A;N/A;N/A;N/A;N/A;N/A;N/A;N/A
529.mp4;TRUE;N/A;STILL;N/A;N/A;N/A;N/A;N/A;N/A;N/A;N/A;N/A;N/A;N/A;N/A;N/A
530.mp4;TRUE;N/A;STILL;N/A;N/A;N/A;N/A;N/A;N/A;N/A;N/A;N/A;N/A;N/A;N/A;N/A
531.mp4;TRUE;N/A;STILL;N/A;N/A;N/A;N/A;N/A;N/A;N/A;N/A;N/A;N/A;N/A;N/A;N/A
532.mp4;TRUE;N/A;STILL;N/A;N/A;N/A;N/A;N/A;N/A;N/A;N/A;N/A;N/A;N/A;N/A;N/A
533.mp4;TRUE;N/A;STILL;N/A;N/A;N/A;N/A;N/A;N/A;N/A;N/A;N/A;N/A;N/A;N/A;N/A
534.mp4;TRUE;N/A;STILL;N/A;N/A;N/A;N/A;N/A;N/A;N/A;N/A;N/A;N/A;N/A;N/A;N/A
535.mp4;TRUE;N/A;STILL;N/A;N/A;N/A;N/A;N/A;N/A;N/A;N/A;N/A;N/A;N/A;N/A;N/A
536.mp4;TRUE;N/A;STILL;N/A;N/A;N/A;N/A;N/A;N/A;N/A;N/A;N/A;N/A;N/A;N/A;N/A
537.mp4;TRUE;N/A;STILL;N/A;N/A;N/A;N/A;N/A;N/A;N/A;N/A;N/A;N/A;N/A;N/A;N/A
538.mp4;TRUE;N/A;STILL;N/A;N/A;N/A;N/A;N/A;N/A;N/A;N/A;N/A;N/A;N/A;N/A;N/A
539.mp4;TRUE;N/A;STILL;N/A;N/A;N/A;N/A;N/A;N/A;N/A;N/A;N/A;N/A;N/A;N/A;N/A
540.mp4;TRUE;N/A;STILL;N/A;N/A;N/A;N/A;N/A;N/A;N/A;N/A;N/A;N/A;N/A;N/A;N/A
541.mp4;TRUE;N/A;STILL;N/A;N/A;N/A;N/A;N/A;N/A;N/A;N/A;N/A;N/A;N/A;N/A;N/A
542.mp4;TRUE;N/A;STILL;N/A;N/A;N/A;N/A;N/A;N/A;N/A;N/A;N/A;N/A;N/A;N/A;N/A
543.mp4;TRUE;N/A;STILL;N/A;N/A;N/A;N/A;N/A;N/A;N/A;N/A;N/A;N/A;N/A;N/A;N/A
544.mp4;TRUE;N/A;STILL;N/A;N/A;N/A;N/A;N/A;N/A;N/A;N/A;N/A;N/A;N/A;N/A;N/A
545.mp4;TRUE;N/A;STILL;N/A;N/A;N/A;N/A;N/A;N/A;N/A;N/A;N/A;N/A;N/A;N/A;N/A
546.mp4;TRUE;N/A;STILL;N/A;N/A;N/A;N/A;N/A;N/A;N/A;N/A;N/A;N/A;N/A;N/A;N/A
547.mp4;TRUE;N/A;STILL;N/A;N/A;N/A;N/A;N/A;N/A;N/A;N/A;N/A;N/A;N/A;N/A;N/A
548.mp4;TRUE;N/A;STILL;N/A;N/A;N/A;N/A;N/A;N/A;N/A;N/A;N/A;N/A;N/A;N/A;N/A
549.mp4;TRUE;N/A;STILL;N/A;N/A;N/A;N/A;N/A;N/A;N/A;N/A;N/A;N/A;N/A;N/A;N/A
550.mp4;TRUE;N/A;STILL;N/A;N/A;N/A;N/A;N/A;N/A;N/A;N/A;N/A;N/A;N/A;N/A;N/A
551.mp4;TRUE;N/A;STILL;N/A;N/A;N/A;N/A;N/A;N/A;N/A;N/A;N/A;N/A;N/A;N/A;N/A
552.mp4;TRUE;N/A;STILL;N/A;N/A;N/A;N/A;N/A;N/A;N/A;N/A;N/A;N/A;N/A;N/A;N/A
553.mp4;TRUE;N/A;STILL;N/A;N/A;N/A;N/A;N/A;N/A;N/A;N/A;N/A;N/A;N/A;N/A;N/A
554.mp4;TRUE;N/A;STILL;N/A;N/A;N/A;N/A;N/A;N/A;N/A;N/A;N/A;N/A;N/A;N/A;N/A
555.mp4;TRUE;N/A;STILL;N/A;N/A;N/A;N/A;N/A;N/A;N/A;N/A;N/A;N/A;N/A;N/A;N/A
556.mp4;TRUE;N/A;STILL;N/A;N/A;N/A;N/A;N/A;N/A;N/A;N/A;N/A;N/A;N/A;N/A;N/A
557.mp4;TRUE;N/A;STILL;N/A;N/A;N/A;N/A;N/A;N/A;N/A;N/A;N/A;N/A;N/A;N/A;N/A
558.mp4;TRUE;N/A;STILL;N/A;N/A;N/A;N/A;N/A;N/A;N/A;N/A;N/A;N/A;N/A;N/A;N/A
559.mp4;TRUE;N/A;STILL;N/A;N/A;N/A;N/A;N/A;N/A;N/A;N/A;N/A;N/A;N/A;N/A;N/A
560.mp4;TRUE;N/A;STILL;N/A;N/A;N/A;N/A;N/A;N/A;N/A;N/A;N/A;N/A;N/A;N/A;N/A
561.mp4;TRUE;N/A;STILL;N/A;N/A;N/A;N/A;N/A;N/A;N/A;N/A;N/A;N/A;N/A;N/A;N/A
562.mp4;TRUE;N/A;STILL;N/A;N/A;N/A;N/A;N/A;N/A;N/A;N/A;N/A;N/A;N/A;N/A;N/A
563.mp4;TRUE;N/A;STILL;N/A;N/A;N/A;N/A;N/A;N/A;N/A;N/A;N/A;N/A;N/A;N/A;N/A
564.mp4;TRUE;N/A;STILL;N/A;N/A;N/A;N/A;N/A;N/A;N/A;N/A;N/A;N/A;N/A;N/A;N/A
565.mp4;TRUE;N/A;STILL;N/A;N/A;N/A;N/A;N/A;N/A;N/A;N/A;N/A;N/A;N/A;N/A;N/A
566.mp4;TRUE;N/A;STILL;N/A;N/A;N/A;N/A;N/A;N/A;N/A;N/A;N/A;N/A;N/A;N/A;N/A
567.mp4;TRUE;N/A;STILL;N/A;N/A;N/A;N/A;N/A;N/A;N/A;N/A;N/A;N/A;N/A;N/A;N/A
568.mp4;TRUE;N/A;STILL;N/A;N/A;N/A;N/A;N/A;N/A;N/A;N/A;N/A;N/A;N/A;N/A;N/A
569.mp4;TRUE;N/A;STILL;N/A;N/A;N/A;N/A;N/A;N/A;N/A;N/A;N/A;N/A;N/A;N/A;N/A
570.mp4;TRUE;N/A;STILL;N/A;N/A;N/A;N/A;N/A;N/A;N/A;N/A;N/A;N/A;N/A;N/A;N/A
571.mp4;TRUE;N/A;STILL;N/A;N/A;N/A;N/A;N/A;N/A;N/A;N/A;N/A;N/A;N/A;N/A;N/A
572.mp4;TRUE;N/A;STILL;N/A;N/A;N/A;N/A;N/A;N/A;N/A;N/A;N/A;N/A;N/A;N/A;N/A
573.mp4;TRUE;N/A;STILL;N/A;N/A;N/A;N/A;N/A;N/A;N/A;N/A;N/A;N/A;N/A;N/A;N/A
574.mp4;TRUE;N/A;STILL;N/A;N/A;N/A;N/A;N/A;N/A;N/A;N/A;N/A;N/A;N/A;N/A;N/A
575.mp4;TRUE;N/A;STILL;N/A;N/A;N/A;N/A;N/A;N/A;N/A;N/A;N/A;N/A;N/A;N/A;N/A
576.mp4;TRUE;N/A;STILL;N/A;N/A;N/A;N/A;N/A;N/A;N/A;N/A;N/A;N/A;N/A;N/A;N/A
577.mp4;TRUE;N/A;STILL;N/A;N/A;N/A;N/A;N/A;N/A;N/A;N/A;N/A;N/A;N/A;N/A;N/A
578.mp4;TRUE;N/A;STILL;N/A;N/A;N/A;N/A;N/A;N/A;N/A;N/A;N/A;N/A;N/A;N/A;N/A
579.mp4;TRUE;N/A;STILL;N/A;N/A;N/A;N/A;N/A;N/A;N/A;N/A;N/A;N/A;N/A;N/A;N/A
580.mp4;TRUE;N/A;STILL;N/A;N/A;N/A;N/A;N/A;N/A;N/A;N/A;N/A;N/A;N/A;N/A;N/A
581.mp4;TRUE;N/A;STILL;N/A;N/A;N/A;N/A;N/A;N/A;N/A;N/A;N/A;N/A;N/A;N/A;N/A
582.mp4;TRUE;N/A;STILL;N/A;N/A;N/A;N/A;N/A;N/A;N/A;N/A;N/A;N/A;N/A;N/A;N/A
583.mp4;TRUE;N/A;STILL;N/A;N/A;N/A;N/A;N/A;N/A;N/A;N/A;N/A;N/A;N/A;N/A;N/A
584.mp4;TRUE;N/A;STILL;N/A;N/A;N/A;N/A;N/A;N/A;N/A;N/A;N/A;N/A;N/A;N/A;N/A
585.mp4;TRUE;N/A;STILL;N/A;N/A;N/A;N/A;N/A;N/A;N/A;N/A;N/A;N/A;N/A;N/A;N/A
586.mp4;TRUE;N/A;STILL;N/A;N/A;N/A;N/A;N/A;N/A;N/A;N/A;N/A;N/A;N/A;N/A;N/A
587.mp4;TRUE;N/A;STILL;N/A;N/A;N/A;N/A;N/A;N/A;N/A;N/A;N/A;N/A;N/A;N/A;N/A
588.mp4;TRUE;N/A;STILL;N/A;N/A;N/A;N/A;N/A;N/A;N/A;N/A;N/A;N/A;N/A;N/A;N/A
589.mp4;TRUE;N/A;STILL;N/A;N/A;N/A;N/A;N/A;N/A;N/A;N/A;N/A;N/A;N/A;N/A;N/A
590.mp4;TRUE;N/A;STILL;N/A;N/A;N/A;N/A;N/A;N/A;N/A;N/A;N/A;N/A;N/A;N/A;N/A
591.mp4;TRUE;N/A;STILL;N/A;N/A;N/A;N/A;N/A;N/A;N/A;N/A;N/A;N/A;N/A;N/A;N/A
592.mp4;TRUE;N/A;STILL;N/A;N/A;N/A;N/A;N/A;N/A;N/A;N/A;N/A;N/A;N/A;N/A;N/A
593.mp4;TRUE;N/A;STILL;N/A;N/A;N/A;N/A;N/A;N/A;N/A;N/A;N/A;N/A;N/A;N/A;N/A
594.mp4;TRUE;N/A;STILL;N/A;N/A;N/A;N/A;N/A;N/A;N/A;N/A;N/A;N/A;N/A;N/A;N/A
595.mp4;TRUE;N/A;STILL;N/A;N/A;N/A;N/A;N/A;N/A;N/A;N/A;N/A;N/A;N/A;N/A;N/A
596.mp4;TRUE;N/A;STILL;N/A;N/A;N/A;N/A;N/A;N/A;N/A;N/A;N/A;N/A;N/A;N/A;N/A
597.mp4;TRUE;N/A;STILL;N/A;N/A;N/A;N/A;N/A;N/A;N/A;N/A;N/A;N/A;N/A;N/A;N/A
598.mp4;TRUE;N/A;STILL;N/A;N/A;N/A;N/A;N/A;N/A;N/A;N/A;N/A;N/A;N/A;N/A;N/A
599.mp4;TRUE;N/A;STILL;N/A;N/A;N/A;N/A;N/A;N/A;N/A;N/A;N/A;N/A;N/A;N/A;N/A
600.mp4;TRUE;N/A;STILL;N/A;N/A;N/A;N/A;N/A;N/A;N/A;N/A;N/A;N/A;N/A;N/A;N/A
601.mp4;TRUE;N/A;STILL;N/A;N/A;N/A;N/A;N/A;N/A;N/A;N/A;N/A;N/A;N/A;N/A;N/A
602.mp4;TRUE;N/A;STILL;N/A;N/A;N/A;N/A;N/A;N/A;N/A;N/A;N/A;N/A;N/A;N/A;N/A
603.mp4;TRUE;N/A;STILL;N/A;N/A;N/A;N/A;N/A;N/A;N/A;N/A;N/A;N/A;N/A;N/A;N/A
604.mp4;TRUE;N/A;STILL;N/A;N/A;N/A;N/A;N/A;N/A;N/A;N/A;N/A;N/A;N/A;N/A;N/A
605.mp4;TRUE;N/A;STILL;N/A;N/A;N/A;N/A;N/A;N/A;N/A;N/A;N/A;N/A;N/A;N/A;N/A
606.mp4;TRUE;N/A;STILL;N/A;N/A;N/A;N/A;N/A;N/A;N/A;N/A;N/A;N/A;N/A;N/A;N/A
607.mp4;TRUE;N/A;STILL;N/A;N/A;N/A;N/A;N/A;N/A;N/A;N/A;N/A;N/A;N/A;N/A;N/A
608.mp4;TRUE;N/A;STILL;N/A;N/A;N/A;N/A;N/A;N/A;N/A;N/A;N/A;N/A;N/A;N/A;N/A
609.mp4;TRUE;N/A;STILL;N/A;N/A;N/A;N/A;N/A;N/A;N/A;N/A;N/A;N/A;N/A;N/A;N/A
610.mp4;TRUE;N/A;STILL;N/A;N/A;N/A;N/A;N/A;N/A;N/A;N/A;N/A;N/A;N/A;N/A;N/A
611.mp4;TRUE;N/A;STILL;N/A;N/A;N/A;N/A;N/A;N/A;N/A;N/A;N/A;N/A;N/A;N/A;N/A
612.mp4;TRUE;N/A;STILL;N/A;N/A;N/A;N/A;N/A;N/A;N/A;N/A;N/A;N/A;N/A;N/A;N/A
613.mp4;TRUE;N/A;STILL;N/A;N/A;N/A;N/A;N/A;N/A;N/A;N/A;N/A;N/A;N/A;N/A;N/A
614.mp4;TRUE;N/A;STILL;N/A;N/A;N/A;N/A;N/A;N/A;N/A;N/A;N/A;N/A;N/A;N/A;N/A
615.mp4;TRUE;N/A;STILL;N/A;N/A;N/A;N/A;N/A;N/A;N/A;N/A;N/A;N/A;N/A;N/A;N/A
616.mp4;TRUE;N/A;STILL;N/A;N/A;N/A;N/A;N/A;N/A;N/A;N/A;N/A;N/A;N/A;N/A;N/A
617.mp4;TRUE;N/A;STILL;N/A;N/A;N/A;N/A;N/A;N/A;N/A;N/A;N/A;N/A;N/A;N/A;N/A
618.mp4;TRUE;N/A;STILL;N/A;N/A;N/A;N/A;N/A;N/A;N/A;N/A;N/A;N/A;N/A;N/A;N/A
619.mp4;TRUE;N/A;STILL;N/A;N/A;N/A;N/A;N/A;N/A;N/A;N/A;N/A;N/A;N/A;N/A;N/A
620.mp4;TRUE;N/A;STILL;N/A;N/A;N/A;N/A;N/A;N/A;N/A;N/A;N/A;N/A;N/A;N/A;N/A
621.mp4;TRUE;N/A;STILL;N/A;N/A;N/A;N/A;N/A;N/A;N/A;N/A;N/A;N/A;N/A;N/A;N/A
622.mp4;TRUE;N/A;STILL;N/A;N/A;N/A;N/A;N/A;N/A;N/A;N/A;N/A;N/A;N/A;N/A;N/A
623.mp4;TRUE;N/A;STILL;N/A;N/A;N/A;N/A;N/A;N/A;N/A;N/A;N/A;N/A;N/A;N/A;N/A
624.mp4;TRUE;N/A;STILL;N/A;N/A;N/A;N/A;N/A;N/A;N/A;N/A;N/A;N/A;N/A;N/A;N/A
625.mp4;TRUE;N/A;STILL;N/A;N/A;N/A;N/A;N/A;N/A;N/A;N/A;N/A;N/A;N/A;N/A;N/A
626.mp4;TRUE;N/A;STILL;N/A;N/A;N/A;N/A;N/A;N/A;N/A;N/A;N/A;N/A;N/A;N/A;N/A
627.mp4;TRUE;N/A;STILL;N/A;N/A;N/A;N/A;N/A;N/A;N/A;N/A;N/A;N/A;N/A;N/A;N/A
628.mp4;TRUE;N/A;STILL;N/A;N/A;N/A;N/A;N/A;N/A;N/A;N/A;N/A;N/A;N/A;N/A;N/A
629.mp4;TRUE;N/A;STILL;N/A;N/A;N/A;N/A;N/A;N/A;N/A;N/A;N/A;N/A;N/A;N/A;N/A
630.mp4;TRUE;N/A;STILL;N/A;N/A;N/A;N/A;N/A;N/A;N/A;N/A;N/A;N/A;N/A;N/A;N/A
631.mp4;TRUE;N/A;STILL;N/A;N/A;N/A;N/A;N/A;N/A;N/A;N/A;N/A;N/A;N/A;N/A;N/A
632.mp4;TRUE;N/A;STILL;N/A;N/A;N/A;N/A;N/A;N/A;N/A;N/A;N/A;N/A;N/A;N/A;N/A
633.mp4;TRUE;N/A;STILL;N/A;N/A;N/A;N/A;N/A;N/A;N/A;N/A;N/A;N/A;N/A;N/A;N/A
634.mp4;TRUE;N/A;STILL;N/A;N/A;N/A;N/A;N/A;N/A;N/A;N/A;N/A;N/A;N/A;N/A;N/A
635.mp4;TRUE;N/A;STILL;N/A;N/A;N/A;N/A;N/A;N/A;N/A;N/A;N/A;N/A;N/A;N/A;N/A
636.mp4;TRUE;N/A;STILL;N/A;N/A;N/A;N/A;N/A;N/A;N/A;N/A;N/A;N/A;N/A;N/A;N/A
637.mp4;TRUE;N/A;STILL;N/A;N/A;N/A;N/A;N/A;N/A;N/A;N/A;N/A;N/A;N/A;N/A;N/A
638.mp4;TRUE;N/A;STILL;N/A;N/A;N/A;N/A;N/A;N/A;N/A;N/A;N/A;N/A;N/A;N/A;N/A
639.mp4;TRUE;N/A;STILL;N/A;N/A;N/A;N/A;N/A;N/A;N/A;N/A;N/A;N/A;N/A;N/A;N/A
640.mp4;TRUE;N/A;STILL;N/A;N/A;N/A;N/A;N/A;N/A;N/A;N/A;N/A;N/A;N/A;N/A;N/A
641.mp4;TRUE;N/A;STILL;N/A;N/A;N/A;N/A;N/A;N/A;N/A;N/A;N/A;N/A;N/A;N/A;N/A
642.mp4;TRUE;N/A;STILL;N/A;N/A;N/A;N/A;N/A;N/A;N/A;N/A;N/A;N/A;N/A;N/A;N/A
643.mp4;TRUE;N/A;STILL;N/A;N/A;N/A;N/A;N/A;N/A;N/A;N/A;N/A;N/A;N/A;N/A;N/A
644.mp4;TRUE;N/A;STILL;N/A;N/A;N/A;N/A;N/A;N/A;N/A;N/A;N/A;N/A;N/A;N/A;N/A
645.mp4;TRUE;N/A;STILL;N/A;N/A;N/A;N/A;N/A;N/A;N/A;N/A;N/A;N/A;N/A;N/A;N/A
646.mp4;TRUE;N/A;STILL;N/A;N/A;N/A;N/A;N/A;N/A;N/A;N/A;N/A;N/A;N/A;N/A;N/A
647.mp4;TRUE;N/A;STILL;N/A;N/A;N/A;N/A;N/A;N/A;N/A;N/A;N/A;N/A;N/A;N/A;N/A
648.mp4;TRUE;N/A;STILL;N/A;N/A;N/A;N/A;N/A;N/A;N/A;N/A;N/A;N/A;N/A;N/A;N/A
649.mp4;TRUE;N/A;STILL;N/A;N/A;N/A;N/A;N/A;N/A;N/A;N/A;N/A;N/A;N/A;N/A;N/A
650.mp4;TRUE;N/A;STILL;N/A;N/A;N/A;N/A;N/A;N/A;N/A;N/A;N/A;N/A;N/A;N/A;N/A
651.mp4;TRUE;N/A;STILL;N/A;N/A;N/A;N/A;N/A;N/A;N/A;N/A;N/A;N/A;N/A;N/A;N/A
652.mp4;TRUE;N/A;STILL;N/A;N/A;N/A;N/A;N/A;N/A;N/A;N/A;N/A;N/A;N/A;N/A;N/A
653.mp4;TRUE;N/A;STILL;N/A;N/A;N/A;N/A;N/A;N/A;N/A;N/A;N/A;N/A;N/A;N/A;N/A
654.mp4;TRUE;N/A;STILL;N/A;N/A;N/A;N/A;N/A;N/A;N/A;N/A;N/A;N/A;N/A;N/A;N/A
655.mp4;TRUE;N/A;STILL;N/A;N/A;N/A;N/A;N/A;N/A;N/A;N/A;N/A;N/A;N/A;N/A;N/A
656.mp4;TRUE;N/A;STILL;N/A;N/A;N/A;N/A;N/A;N/A;N/A;N/A;N/A;N/A;N/A;N/A;N/A
657.mp4;TRUE;N/A;STILL;N/A;N/A;N/A;N/A;N/A;N/A;N/A;N/A;N/A;N/A;N/A;N/A;N/A
658.mp4;TRUE;N/A;STILL;N/A;N/A;N/A;N/A;N/A;N/A;N/A;N/A;N/A;N/A;N/A;N/A;N/A
659.mp4;TRUE;N/A;STILL;N/A;N/A;N/A;N/A;N/A;N/A;N/A;N/A;N/A;N/A;N/A;N/A;N/A
660.mp4;TRUE;N/A;STILL;N/A;N/A;N/A;N/A;N/A;N/A;N/A;N/A;N/A;N/A;N/A;N/A;N/A
661.mp4;TRUE;N/A;STILL;N/A;N/A;N/A;N/A;N/A;N/A;N/A;N/A;N/A;N/A;N/A;N/A;N/A
662.mp4;TRUE;N/A;STILL;N/A;N/A;N/A;N/A;N/A;N/A;N/A;N/A;N/A;N/A;N/A;N/A;N/A
663.mp4;TRUE;N/A;STILL;N/A;N/A;N/A;N/A;N/A;N/A;N/A;N/A;N/A;N/A;N/A;N/A;N/A
664.mp4;TRUE;N/A;STILL;N/A;N/A;N/A;N/A;N/A;N/A;N/A;N/A;N/A;N/A;N/A;N/A;N/A
665.mp4;TRUE;N/A;STILL;N/A;N/A;N/A;N/A;N/A;N/A;N/A;N/A;N/A;N/A;N/A;N/A;N/A
666.mp4;TRUE;N/A;STILL;N/A;N/A;N/A;N/A;N/A;N/A;N/A;N/A;N/A;N/A;N/A;N/A;N/A
667.mp4;TRUE;N/A;STILL;N/A;N/A;N/A;N/A;N/A;N/A;N/A;N/A;N/A;N/A;N/A;N/A;N/A
668.mp4;TRUE;N/A;STILL;N/A;N/A;N/A;N/A;N/A;N/A;N/A;N/A;N/A;N/A;N/A;N/A;N/A
669.mp4;TRUE;N/A;STILL;N/A;N/A;N/A;N/A;N/A;N/A;N/A;N/A;N/A;N/A;N/A;N/A;N/A
670.mp4;TRUE;N/A;STILL;N/A;N/A;N/A;N/A;N/A;N/A;N/A;N/A;N/A;N/A;N/A;N/A;N/A
671.mp4;TRUE;N/A;STILL;N/A;N/A;N/A;N/A;N/A;N/A;N/A;N/A;N/A;N/A;N/A;N/A;N/A
672.mp4;TRUE;N/A;STILL;N/A;N/A;N/A;N/A;N/A;N/A;N/A;N/A;N/A;N/A;N/A;N/A;N/A
673.mp4;TRUE;N/A;STILL;N/A;N/A;N/A;N/A;N/A;N/A;N/A;N/A;N/A;N/A;N/A;N/A;N/A
674.mp4;TRUE;N/A;STILL;N/A;N/A;N/A;N/A;N/A;N/A;N/A;N/A;N/A;N/A;N/A;N/A;N/A
675.mp4;TRUE;N/A;STILL;N/A;N/A;N/A;N/A;N/A;N/A;N/A;N/A;N/A;N/A;N/A;N/A;N/A
676.mp4;TRUE;N/A;STILL;N/A;N/A;N/A;N/A;N/A;N/A;N/A;N/A;N/A;N/A;N/A;N/A;N/A
677.mp4;TRUE;N/A;STILL;N/A;N/A;N/A;N/A;N/A;N/A;N/A;N/A;N/A;N/A;N/A;N/A;N/A
678.mp4;TRUE;N/A;STILL;N/A;N/A;N/A;N/A;N/A;N/A;N/A;N/A;N/A;N/A;N/A;N/A;N/A
679.mp4;TRUE;N/A;STILL;N/A;N/A;N/A;N/A;N/A;N/A;N/A;N/A;N/A;N/A;N/A;N/A;N/A
680.mp4;TRUE;N/A;STILL;N/A;N/A;N/A;N/A;N/A;N/A;N/A;N/A;N/A;N/A;N/A;N/A;N/A
681.mp4;TRUE;N/A;STILL;N/A;N/A;N/A;N/A;N/A;N/A;N/A;N/A;N/A;N/A;N/A;N/A;N/A
682.mp4;TRUE;N/A;STILL;N/A;N/A;N/A;N/A;N/A;N/A;N/A;N/A;N/A;N/A;N/A;N/A;N/A
683.mp4;TRUE;N/A;STILL;N/A;N/A;N/A;N/A;N/A;N/A;N/A;N/A;N/A;N/A;N/A;N/A;N/A
684.mp4;TRUE;N/A;STILL;N/A;N/A;N/A;N/A;N/A;N/A;N/A;N/A;N/A;N/A;N/A;N/A;N/A
685.mp4;TRUE;N/A;STILL;N/A;N/A;N/A;N/A;N/A;N/A;N/A;N/A;N/A;N/A;N/A;N/A;N/A
686.mp4;TRUE;N/A;STILL;N/A;N/A;N/A;N/A;N/A;N/A;N/A;N/A;N/A;N/A;N/A;N/A;N/A
687.mp4;TRUE;N/A;STILL;N/A;N/A;N/A;N/A;N/A;N/A;N/A;N/A;N/A;N/A;N/A;N/A;N/A
688.mp4;TRUE;N/A;STILL;N/A;N/A;N/A;N/A;N/A;N/A;N/A;N/A;N/A;N/A;N/A;N/A;N/A
689.mp4;TRUE;N/A;STILL;N/A;N/A;N/A;N/A;N/A;N/A;N/A;N/A;N/A;N/A;N/A;N/A;N/A
690.mp4;TRUE;N/A;STILL;N/A;N/A;N/A;N/A;N/A;N/A;N/A;N/A;N/A;N/A;N/A;N/A;N/A
691.mp4;TRUE;N/A;STILL;N/A;N/A;N/A;N/A;N/A;N/A;N/A;N/A;N/A;N/A;N/A;N/A;N/A
692.mp4;TRUE;N/A;STILL;N/A;N/A;N/A;N/A;N/A;N/A;N/A;N/A;N/A;N/A;N/A;N/A;N/A
693.mp4;TRUE;N/A;STILL;N/A;N/A;N/A;N/A;N/A;N/A;N/A;N/A;N/A;N/A;N/A;N/A;N/A
694.mp4;TRUE;N/A;STILL;N/A;N/A;N/A;N/A;N/A;N/A;N/A;N/A;N/A;N/A;N/A;N/A;N/A
695.mp4;TRUE;N/A;STILL;N/A;N/A;N/A;N/A;N/A;N/A;N/A;N/A;N/A;N/A;N/A;N/A;N/A
696.mp4;TRUE;N/A;STILL;N/A;N/A;N/A;N/A;N/A;N/A;N/A;N/A;N/A;N/A;N/A;N/A;N/A
697.mp4;TRUE;N/A;STILL;N/A;N/A;N/A;N/A;N/A;N/A;N/A;N/A;N/A;N/A;N/A;N/A;N/A
698.mp4;TRUE;N/A;STILL;N/A;N/A;N/A;N/A;N/A;N/A;N/A;N/A;N/A;N/A;N/A;N/A;N/A
699.mp4;TRUE;N/A;STILL;N/A;N/A;N/A;N/A;N/A;N/A;N/A;N/A;N/A;N/A;N/A;N/A;N/A
700.mp4;TRUE;N/A;STILL;N/A;N/A;N/A;N/A;N/A;N/A;N/A;N/A;N/A;N/A;N/A;N/A;N/A
701.mp4;TRUE;N/A;STILL;N/A;N/A;N/A;N/A;N/A;N/A;N/A;N/A;N/A;N/A;N/A;N/A;N/A
702.mp4;TRUE;N/A;STILL;N/A;N/A;N/A;N/A;N/A;N/A;N/A;N/A;N/A;N/A;N/A;N/A;N/A
703.mp4;TRUE;N/A;STILL;N/A;N/A;N/A;N/A;N/A;N/A;N/A;N/A;N/A;N/A;N/A;N/A;N/A
704.mp4;TRUE;N/A;STILL;N/A;N/A;N/A;N/A;N/A;N/A;N/A;N/A;N/A;N/A;N/A;N/A;N/A
705.mp4;TRUE;N/A;STILL;N/A;N/A;N/A;N/A;N/A;N/A;N/A;N/A;N/A;N/A;N/A;N/A;N/A
706.mp4;TRUE;N/A;STILL;N/A;N/A;N/A;N/A;N/A;N/A;N/A;N/A;N/A;N/A;N/A;N/A;N/A
707.mp4;TRUE;N/A;STILL;N/A;N/A;N/A;N/A;N/A;N/A;N/A;N/A;N/A;N/A;N/A;N/A;N/A
708.mp4;TRUE;N/A;STILL;N/A;N/A;N/A;N/A;N/A;N/A;N/A;N/A;N/A;N/A;N/A;N/A;N/A
709.mp4;TRUE;N/A;STILL;N/A;N/A;N/A;N/A;N/A;N/A;N/A;N/A;N/A;N/A;N/A;N/A;N/A
710.mp4;TRUE;N/A;STILL;N/A;N/A;N/A;N/A;N/A;N/A;N/A;N/A;N/A;N/A;N/A;N/A;N/A
711.mp4;TRUE;N/A;STILL;N/A;N/A;N/A;N/A;N/A;N/A;N/A;N/A;N/A;N/A;N/A;N/A;N/A
712.mp4;TRUE;N/A;STILL;N/A;N/A;N/A;N/A;N/A;N/A;N/A;N/A;N/A;N/A;N/A;N/A;N/A
713.mp4;TRUE;N/A;STILL;N/A;N/A;N/A;N/A;N/A;N/A;N/A;N/A;N/A;N/A;N/A;N/A;N/A
714.mp4;TRUE;N/A;STILL;N/A;N/A;N/A;N/A;N/A;N/A;N/A;N/A;N/A;N/A;N/A;N/A;N/A
715.mp4;TRUE;N/A;STILL;N/A;N/A;N/A;N/A;N/A;N/A;N/A;N/A;N/A;N/A;N/A;N/A;N/A
716.mp4;TRUE;N/A;STILL;N/A;N/A;N/A;N/A;N/A;N/A;N/A;N/A;N/A;N/A;N/A;N/A;N/A
717.mp4;TRUE;N/A;STILL;N/A;N/A;N/A;N/A;N/A;N/A;N/A;N/A;N/A;N/A;N/A;N/A;N/A
718.mp4;TRUE;N/A;STILL;N/A;N/A;N/A;N/A;N/A;N/A;N/A;N/A;N/A;N/A;N/A;N/A;N/A
719.mp4;TRUE;N/A;STILL;N/A;N/A;N/A;N/A;N/A;N/A;N/A;N/A;N/A;N/A;N/A;N/A;N/A
720.mp4;TRUE;N/A;STILL;N/A;N/A;N/A;N/A;N/A;N/A;N/A;N/A;N/A;N/A;N/A;N/A;N/A
721.mp4;TRUE;N/A;STILL;N/A;N/A;N/A;N/A;N/A;N/A;N/A;N/A;N/A;N/A;N/A;N/A;N/A
722.mp4;TRUE;N/A;STILL;N/A;N/A;N/A;N/A;N/A;N/A;N/A;N/A;N/A;N/A;N/A;N/A;N/A
723.mp4;TRUE;N/A;STILL;N/A;N/A;N/A;N/A;N/A;N/A;N/A;N/A;N/A;N/A;N/A;N/A;N/A
724.mp4;TRUE;N/A;STILL;N/A;N/A;N/A;N/A;N/A;N/A;N/A;N/A;N/A;N/A;N/A;N/A;N/A
725.mp4;TRUE;N/A;STILL;N/A;N/A;N/A;N/A;N/A;N/A;N/A;N/A;N/A;N/A;N/A;N/A;N/A
726.mp4;TRUE;N/A;STILL;N/A;N/A;N/A;N/A;N/A;N/A;N/A;N/A;N/A;N/A;N/A;N/A;N/A
727.mp4;TRUE;N/A;STILL;N/A;N/A;N/A;N/A;N/A;N/A;N/A;N/A;N/A;N/A;N/A;N/A;N/A
728.mp4;TRUE;N/A;STILL;N/A;N/A;N/A;N/A;N/A;N/A;N/A;N/A;N/A;N/A;N/A;N/A;N/A
729.mp4;TRUE;N/A;STILL;N/A;N/A;N/A;N/A;N/A;N/A;N/A;N/A;N/A;N/A;N/A;N/A;N/A
730.mp4;TRUE;N/A;STILL;N/A;N/A;N/A;N/A;N/A;N/A;N/A;N/A;N/A;N/A;N/A;N/A;N/A
731.mp4;TRUE;N/A;STILL;N/A;N/A;N/A;N/A;N/A;N/A;N/A;N/A;N/A;N/A;N/A;N/A;N/A
732.mp4;TRUE;N/A;STILL;N/A;N/A;N/A;N/A;N/A;N/A;N/A;N/A;N/A;N/A;N/A;N/A;N/A
733.mp4;TRUE;N/A;STILL;N/A;N/A;N/A;N/A;N/A;N/A;N/A;N/A;N/A;N/A;N/A;N/A;N/A
734.mp4;TRUE;N/A;STILL;N/A;N/A;N/A;N/A;N/A;N/A;N/A;N/A;N/A;N/A;N/A;N/A;N/A
735.mp4;TRUE;N/A;STILL;N/A;N/A;N/A;N/A;N/A;N/A;N/A;N/A;N/A;N/A;N/A;N/A;N/A
736.mp4;TRUE;N/A;STILL;N/A;N/A;N/A;N/A;N/A;N/A;N/A;N/A;N/A;N/A;N/A;N/A;N/A
737.mp4;TRUE;N/A;STILL;N/A;N/A;N/A;N/A;N/A;N/A;N/A;N/A;N/A;N/A;N/A;N/A;N/A
738.mp4;TRUE;N/A;STILL;N/A;N/A;N/A;N/A;N/A;N/A;N/A;N/A;N/A;N/A;N/A;N/A;N/A
739.mp4;TRUE;N/A;STILL;N/A;N/A;N/A;N/A;N/A;N/A;N/A;N/A;N/A;N/A;N/A;N/A;N/A
740.mp4;TRUE;N/A;STILL;N/A;N/A;N/A;N/A;N/A;N/A;N/A;N/A;N/A;N/A;N/A;N/A;N/A
741.mp4;TRUE;N/A;STILL;N/A;N/A;N/A;N/A;N/A;N/A;N/A;N/A;N/A;N/A;N/A;N/A;N/A
742.mp4;TRUE;N/A;STILL;N/A;N/A;N/A;N/A;N/A;N/A;N/A;N/A;N/A;N/A;N/A;N/A;N/A
743.mp4;TRUE;N/A;STILL;N/A;N/A;N/A;N/A;N/A;N/A;N/A;N/A;N/A;N/A;N/A;N/A;N/A
744.mp4;TRUE;N/A;STILL;N/A;N/A;N/A;N/A;N/A;N/A;N/A;N/A;N/A;N/A;N/A;N/A;N/A
745.mp4;TRUE;N/A;STILL;N/A;N/A;N/A;N/A;N/A;N/A;N/A;N/A;N/A;N/A;N/A;N/A;N/A
746.mp4;TRUE;N/A;STILL;N/A;N/A;N/A;N/A;N/A;N/A;N/A;N/A;N/A;N/A;N/A;N/A;N/A
747.mp4;TRUE;N/A;STILL;N/A;N/A;N/A;N/A;N/A;N/A;N/A;N/A;N/A;N/A;N/A;N/A;N/A
748.mp4;TRUE;N/A;STILL;N/A;N/A;N/A;N/A;N/A;N/A;N/A;N/A;N/A;N/A;N/A;N/A;N/A
749.mp4;TRUE;N/A;STILL;N/A;N/A;N/A;N/A;N/A;N/A;N/A;N/A;N/A;N/A;N/A;N/A;N/A
750.mp4;TRUE;N/A;STILL;N/A;N/A;N/A;N/A;N/A;N/A;N/A;N/A;N/A;N/A;N/A;N/A;N/A
751.mp4;TRUE;N/A;STILL;N/A;N/A;N/A;N/A;N/A;N/A;N/A;N/A;N/A;N/A;N/A;N/A;N/A
752.mp4;TRUE;N/A;STILL;N/A;N/A;N/A;N/A;N/A;N/A;N/A;N/A;N/A;N/A;N/A;N/A;N/A
753.mp4;TRUE;N/A;STILL;N/A;N/A;N/A;N/A;N/A;N/A;N/A;N/A;N/A;N/A;N/A;N/A;N/A
754.mp4;TRUE;N/A;STILL;N/A;N/A;N/A;N/A;N/A;N/A;N/A;N/A;N/A;N/A;N/A;N/A;N/A
755.mp4;TRUE;N/A;STILL;N/A;N/A;N/A;N/A;N/A;N/A;N/A;N/A;N/A;N/A;N/A;N/A;N/A
756.mp4;TRUE;N/A;STILL;N/A;N/A;N/A;N/A;N/A;N/A;N/A;N/A;N/A;N/A;N/A;N/A;N/A
757.mp4;TRUE;N/A;STILL;N/A;N/A;N/A;N/A;N/A;N/A;N/A;N/A;N/A;N/A;N/A;N/A;N/A
758.mp4;TRUE;N/A;STILL;N/A;N/A;N/A;N/A;N/A;N/A;N/A;N/A;N/A;N/A;N/A;N/A;N/A
759.mp4;TRUE;N/A;STILL;N/A;N/A;N/A;N/A;N/A;N/A;N/A;N/A;N/A;N/A;N/A;N/A;N/A
760.mp4;TRUE;N/A;STILL;N/A;N/A;N/A;N/A;N/A;N/A;N/A;N/A;N/A;N/A;N/A;N/A;N/A
761.mp4;TRUE;N/A;STILL;N/A;N/A;N/A;N/A;N/A;N/A;N/A;N/A;N/A;N/A;N/A;N/A;N/A
762.mp4;TRUE;N/A;STILL;N/A;N/A;N/A;N/A;N/A;N/A;N/A;N/A;N/A;N/A;N/A;N/A;N/A
763.mp4;TRUE;N/A;STILL;N/A;N/A;N/A;N/A;N/A;N/A;N/A;N/A;N/A;N/A;N/A;N/A;N/A
764.mp4;TRUE;N/A;STILL;N/A;N/A;N/A;N/A;N/A;N/A;N/A;N/A;N/A;N/A;N/A;N/A;N/A
765.mp4;TRUE;N/A;STILL;N/A;N/A;N/A;N/A;N/A;N/A;N/A;N/A;N/A;N/A;N/A;N/A;N/A
766.mp4;TRUE;N/A;STILL;N/A;N/A;N/A;N/A;N/A;N/A;N/A;N/A;N/A;N/A;N/A;N/A;N/A
767.mp4;TRUE;N/A;STILL;N/A;N/A;N/A;N/A;N/A;N/A;N/A;N/A;N/A;N/A;N/A;N/A;N/A
768.mp4;TRUE;N/A;STILL;N/A;N/A;N/A;N/A;N/A;N/A;N/A;N/A;N/A;N/A;N/A;N/A;N/A
769.mp4;TRUE;N/A;STILL;N/A;N/A;N/A;N/A;N/A;N/A;N/A;N/A;N/A;N/A;N/A;N/A;N/A
770.mp4;TRUE;N/A;STILL;N/A;N/A;N/A;N/A;N/A;N/A;N/A;N/A;N/A;N/A;N/A;N/A;N/A
771.mp4;TRUE;N/A;STILL;N/A;N/A;N/A;N/A;N/A;N/A;N/A;N/A;N/A;N/A;N/A;N/A;N/A
772.mp4;TRUE;N/A;STILL;N/A;N/A;N/A;N/A;N/A;N/A;N/A;N/A;N/A;N/A;N/A;N/A;N/A
773.mp4;TRUE;N/A;STILL;N/A;N/A;N/A;N/A;N/A;N/A;N/A;N/A;N/A;N/A;N/A;N/A;N/A
774.mp4;TRUE;N/A;STILL;N/A;N/A;N/A;N/A;N/A;N/A;N/A;N/A;N/A;N/A;N/A;N/A;N/A
775.mp4;TRUE;N/A;STILL;N/A;N/A;N/A;N/A;N/A;N/A;N/A;N/A;N/A;N/A;N/A;N/A;N/A
776.mp4;TRUE;N/A;STILL;N/A;N/A;N/A;N/A;N/A;N/A;N/A;N/A;N/A;N/A;N/A;N/A;N/A
777.mp4;TRUE;N/A;STILL;N/A;N/A;N/A;N/A;N/A;N/A;N/A;N/A;N/A;N/A;N/A;N/A;N/A
778.mp4;TRUE;N/A;STILL;N/A;N/A;N/A;N/A;N/A;N/A;N/A;N/A;N/A;N/A;N/A;N/A;N/A
779.mp4;TRUE;N/A;STILL;N/A;N/A;N/A;N/A;N/A;N/A;N/A;N/A;N/A;N/A;N/A;N/A;N/A
780.mp4;TRUE;N/A;STILL;N/A;N/A;N/A;N/A;N/A;N/A;N/A;N/A;N/A;N/A;N/A;N/A;N/A
781.mp4;TRUE;N/A;STILL;N/A;N/A;N/A;N/A;N/A;N/A;N/A;N/A;N/A;N/A;N/A;N/A;N/A
782.mp4;TRUE;N/A;STILL;N/A;N/A;N/A;N/A;N/A;N/A;N/A;N/A;N/A;N/A;N/A;N/A;N/A
783.mp4;TRUE;N/A;STILL;N/A;N/A;N/A;N/A;N/A;N/A;N/A;N/A;N/A;N/A;N/A;N/A;N/A
784.mp4;TRUE;N/A;STILL;N/A;N/A;N/A;N/A;N/A;N/A;N/A;N/A;N/A;N/A;N/A;N/A;N/A
785.mp4;TRUE;N/A;STILL;N/A;N/A;N/A;N/A;N/A;N/A;N/A;N/A;N/A;N/A;N/A;N/A;N/A
786.mp4;TRUE;N/A;STILL;N/A;N/A;N/A;N/A;N/A;N/A;N/A;N/A;N/A;N/A;N/A;N/A;N/A
787.mp4;TRUE;N/A;STILL;N/A;N/A;N/A;N/A;N/A;N/A;N/A;N/A;N/A;N/A;N/A;N/A;N/A
788.mp4;TRUE;N/A;STILL;N/A;N/A;N/A;N/A;N/A;N/A;N/A;N/A;N/A;N/A;N/A;N/A;N/A
789.mp4;TRUE;N/A;STILL;N/A;N/A;N/A;N/A;N/A;N/A;N/A;N/A;N/A;N/A;N/A;N/A;N/A
790.mp4;TRUE;N/A;STILL;N/A;N/A;N/A;N/A;N/A;N/A;N/A;N/A;N/A;N/A;N/A;N/A;N/A
791.mp4;TRUE;N/A;STILL;N/A;N/A;N/A;N/A;N/A;N/A;N/A;N/A;N/A;N/A;N/A;N/A;N/A
792.mp4;TRUE;N/A;STILL;N/A;N/A;N/A;N/A;N/A;N/A;N/A;N/A;N/A;N/A;N/A;N/A;N/A
793.mp4;TRUE;N/A;STILL;N/A;N/A;N/A;N/A;N/A;N/A;N/A;N/A;N/A;N/A;N/A;N/A;N/A
794.mp4;TRUE;N/A;STILL;N/A;N/A;N/A;N/A;N/A;N/A;N/A;N/A;N/A;N/A;N/A;N/A;N/A
795.mp4;TRUE;N/A;STILL;N/A;N/A;N/A;N/A;N/A;N/A;N/A;N/A;N/A;N/A;N/A;N/A;N/A
796.mp4;TRUE;N/A;STILL;N/A;N/A;N/A;N/A;N/A;N/A;N/A;N/A;N/A;N/A;N/A;N/A;N/A
797.mp4;TRUE;N/A;STILL;N/A;N/A;N/A;N/A;N/A;N/A;N/A;N/A;N/A;N/A;N/A;N/A;N/A
798.mp4;TRUE;N/A;STILL;N/A;N/A;N/A;N/A;N/A;N/A;N/A;N/A;N/A;N/A;N/A;N/A;N/A
799.mp4;TRUE;N/A;STILL;N/A;N/A;N/A;N/A;N/A;N/A;N/A;N/A;N/A;N/A;N/A;N/A;N/A
800.mp4;TRUE;N/A;STILL;N/A;N/A;N/A;N/A;N/A;N/A;N/A;N/A;N/A;N/A;N/A;N/A;N/A
801.mp4;TRUE;N/A;STILL;N/A;N/A;N/A;N/A;N/A;N/A;N/A;N/A;N/A;N/A;N/A;N/A;N/A
802.mp4;TRUE;N/A;STILL;N/A;N/A;N/A;N/A;N/A;N/A;N/A;N/A;N/A;N/A;N/A;N/A;N/A
803.mp4;TRUE;N/A;STILL;N/A;N/A;N/A;N/A;N/A;N/A;N/A;N/A;N/A;N/A;N/A;N/A;N/A
804.mp4;TRUE;N/A;STILL;N/A;N/A;N/A;N/A;N/A;N/A;N/A;N/A;N/A;N/A;N/A;N/A;N/A
805.mp4;TRUE;N/A;STILL;N/A;N/A;N/A;N/A;N/A;N/A;N/A;N/A;N/A;N/A;N/A;N/A;N/A
806.mp4;TRUE;N/A;STILL;N/A;N/A;N/A;N/A;N/A;N/A;N/A;N/A;N/A;N/A;N/A;N/A;N/A
807.mp4;TRUE;N/A;STILL;N/A;N/A;N/A;N/A;N/A;N/A;N/A;N/A;N/A;N/A;N/A;N/A;N/A
808.mp4;TRUE;N/A;STILL;N/A;N/A;N/A;N/A;N/A;N/A;N/A;N/A;N/A;N/A;N/A;N/A;N/A
809.mp4;TRUE;N/A;STILL;N/A;N/A;N/A;N/A;N/A;N/A;N/A;N/A;N/A;N/A;N/A;N/A;N/A
810.mp4;TRUE;N/A;STILL;N/A;N/A;N/A;N/A;N/A;N/A;N/A;N/A;N/A;N/A;N/A;N/A;N/A
811.mp4;TRUE;N/A;STILL;N/A;N/A;N/A;N/A;N/A;N/A;N/A;N/A;N/A;N/A;N/A;N/A;N/A
812.mp4;TRUE;N/A;STILL;N/A;N/A;N/A;N/A;N/A;N/A;N/A;N/A;N/A;N/A;N/A;N/A;N/A
813.mp4;TRUE;N/A;STILL;N/A;N/A;N/A;N/A;N/A;N/A;N/A;N/A;N/A;N/A;N/A;N/A;N/A
814.mp4;TRUE;N/A;STILL;N/A;N/A;N/A;N/A;N/A;N/A;N/A;N/A;N/A;N/A;N/A;N/A;N/A
815.mp4;TRUE;N/A;STILL;N/A;N/A;N/A;N/A;N/A;N/A;N/A;N/A;N/A;N/A;N/A;N/A;N/A
816.mp4;TRUE;N/A;STILL;N/A;N/A;N/A;N/A;N/A;N/A;N/A;N/A;N/A;N/A;N/A;N/A;N/A
817.mp4;TRUE;N/A;STILL;N/A;N/A;N/A;N/A;N/A;N/A;N/A;N/A;N/A;N/A;N/A;N/A;N/A
818.mp4;TRUE;N/A;STILL;N/A;N/A;N/A;N/A;N/A;N/A;N/A;N/A;N/A;N/A;N/A;N/A;N/A
819.mp4;TRUE;N/A;STILL;N/A;N/A;N/A;N/A;N/A;N/A;N/A;N/A;N/A;N/A;N/A;N/A;N/A
820.mp4;TRUE;N/A;STILL;N/A;N/A;N/A;N/A;N/A;N/A;N/A;N/A;N/A;N/A;N/A;N/A;N/A
821.mp4;TRUE;N/A;STILL;N/A;N/A;N/A;N/A;N/A;N/A;N/A;N/A;N/A;N/A;N/A;N/A;N/A
822.mp4;TRUE;N/A;STILL;N/A;N/A;N/A;N/A;N/A;N/A;N/A;N/A;N/A;N/A;N/A;N/A;N/A
823.mp4;TRUE;N/A;STILL;N/A;N/A;N/A;N/A;N/A;N/A;N/A;N/A;N/A;N/A;N/A;N/A;N/A
824.mp4;TRUE;N/A;STILL;N/A;N/A;N/A;N/A;N/A;N/A;N/A;N/A;N/A;N/A;N/A;N/A;N/A
825.mp4;TRUE;N/A;STILL;N/A;N/A;N/A;N/A;N/A;N/A;N/A;N/A;N/A;N/A;N/A;N/A;N/A
826.mp4;TRUE;N/A;STILL;N/A;N/A;N/A;N/A;N/A;N/A;N/A;N/A;N/A;N/A;N/A;N/A;N/A
827.mp4;TRUE;N/A;STILL;N/A;N/A;N/A;N/A;N/A;N/A;N/A;N/A;N/A;N/A;N/A;N/A;N/A
828.mp4;TRUE;N/A;STILL;N/A;N/A;N/A;N/A;N/A;N/A;N/A;N/A;N/A;N/A;N/A;N/A;N/A
829.mp4;TRUE;N/A;STILL;N/A;N/A;N/A;N/A;N/A;N/A;N/A;N/A;N/A;N/A;N/A;N/A;N/A
830.mp4;TRUE;N/A;STILL;N/A;N/A;N/A;N/A;N/A;N/A;N/A;N/A;N/A;N/A;N/A;N/A;N/A
831.mp4;TRUE;N/A;STILL;N/A;N/A;N/A;N/A;N/A;N/A;N/A;N/A;N/A;N/A;N/A;N/A;N/A
832.mp4;TRUE;N/A;STILL;N/A;N/A;N/A;N/A;N/A;N/A;N/A;N/A;N/A;N/A;N/A;N/A;N/A
833.mp4;TRUE;N/A;STILL;N/A;N/A;N/A;N/A;N/A;N/A;N/A;N/A;N/A;N/A;N/A;N/A;N/A
834.mp4;TRUE;N/A;STILL;N/A;N/A;N/A;N/A;N/A;N/A;N/A;N/A;N/A;N/A;N/A;N/A;N/A
835.mp4;TRUE;N/A;STILL;N/A;N/A;N/A;N/A;N/A;N/A;N/A;N/A;N/A;N/A;N/A;N/A;N/A
836.mp4;TRUE;N/A;STILL;N/A;N/A;N/A;N/A;N/A;N/A;N/A;N/A;N/A;N/A;N/A;N/A;N/A
837.mp4;TRUE;N/A;STILL;N/A;N/A;N/A;N/A;N/A;N/A;N/A;N/A;N/A;N/A;N/A;N/A;N/A
838.mp4;TRUE;N/A;STILL;N/A;N/A;N/A;N/A;N/A;N/A;N/A;N/A;N/A;N/A;N/A;N/A;N/A
839.mp4;TRUE;N/A;STILL;N/A;N/A;N/A;N/A;N/A;N/A;N/A;N/A;N/A;N/A;N/A;N/A;N/A
840.mp4;TRUE;N/A;STILL;N/A;N/A;N/A;N/A;N/A;N/A;N/A;N/A;N/A;N/A;N/A;N/A;N/A
841.mp4;TRUE;N/A;STILL;N/A;N/A;N/A;N/A;N/A;N/A;N/A;N/A;N/A;N/A;N/A;N/A;N/A
842.mp4;TRUE;N/A;STILL;N/A;N/A;N/A;N/A;N/A;N/A;N/A;N/A;N/A;N/A;N/A;N/A;N/A
843.mp4;TRUE;N/A;STILL;N/A;N/A;N/A;N/A;N/A;N/A;N/A;N/A;N/A;N/A;N/A;N/A;N/A
844.mp4;TRUE;N/A;STILL;N/A;N/A;N/A;N/A;N/A;N/A;N/A;N/A;N/A;N/A;N/A;N/A;N/A
845.mp4;TRUE;N/A;STILL;N/A;N/A;N/A;N/A;N/A;N/A;N/A;N/A;N/A;N/A;N/A;N/A;N/A
846.mp4;TRUE;N/A;STILL;N/A;N/A;N/A;N/A;N/A;N/A;N/A;N/A;N/A;N/A;N/A;N/A;N/A
847.mp4;TRUE;N/A;STILL;N/A;N/A;N/A;N/A;N/A;N/A;N/A;N/A;N/A;N/A;N/A;N/A;N/A
848.mp4;TRUE;N/A;STILL;N/A;N/A;N/A;N/A;N/A;N/A;N/A;N/A;N/A;N/A;N/A;N/A;N/A
849.mp4;TRUE;N/A;STILL;N/A;N/A;N/A;N/A;N/A;N/A;N/A;N/A;N/A;N/A;N/A;N/A;N/A
850.mp4;TRUE;N/A;STILL;N/A;N/A;N/A;N/A;N/A;N/A;N/A;N/A;N/A;N/A;N/A;N/A;N/A
851.mp4;TRUE;N/A;STILL;N/A;N/A;N/A;N/A;N/A;N/A;N/A;N/A;N/A;N/A;N/A;N/A;N/A
852.mp4;TRUE;N/A;STILL;N/A;N/A;N/A;N/A;N/A;N/A;N/A;N/A;N/A;N/A;N/A;N/A;N/A
853.mp4;TRUE;N/A;STILL;N/A;N/A;N/A;N/A;N/A;N/A;N/A;N/A;N/A;N/A;N/A;N/A;N/A
854.mp4;TRUE;N/A;STILL;N/A;N/A;N/A;N/A;N/A;N/A;N/A;N/A;N/A;N/A;N/A;N/A;N/A
855.mp4;TRUE;N/A;STILL;N/A;N/A;N/A;N/A;N/A;N/A;N/A;N/A;N/A;N/A;N/A;N/A;N/A
856.mp4;TRUE;N/A;STILL;N/A;N/A;N/A;N/A;N/A;N/A;N/A;N/A;N/A;N/A;N/A;N/A;N/A
857.mp4;TRUE;N/A;STILL;N/A;N/A;N/A;N/A;N/A;N/A;N/A;N/A;N/A;N/A;N/A;N/A;N/A
858.mp4;TRUE;N/A;STILL;N/A;N/A;N/A;N/A;N/A;N/A;N/A;N/A;N/A;N/A;N/A;N/A;N/A
859.mp4;TRUE;N/A;STILL;N/A;N/A;N/A;N/A;N/A;N/A;N/A;N/A;N/A;N/A;N/A;N/A;N/A
860.mp4;TRUE;N/A;STILL;N/A;N/A;N/A;N/A;N/A;N/A;N/A;N/A;N/A;N/A;N/A;N/A;N/A
861.mp4;TRUE;N/A;STILL;N/A;N/A;N/A;N/A;N/A;N/A;N/A;N/A;N/A;N/A;N/A;N/A;N/A
862.mp4;TRUE;N/A;STILL;N/A;N/A;N/A;N/A;N/A;N/A;N/A;N/A;N/A;N/A;N/A;N/A;N/A
863.mp4;TRUE;N/A;STILL;N/A;N/A;N/A;N/A;N/A;N/A;N/A;N/A;N/A;N/A;N/A;N/A;N/A
864.mp4;TRUE;N/A;STILL;N/A;N/A;N/A;N/A;N/A;N/A;N/A;N/A;N/A;N/A;N/A;N/A;N/A
865.mp4;TRUE;N/A;STILL;N/A;N/A;N/A;N/A;N/A;N/A;N/A;N/A;N/A;N/A;N/A;N/A;N/A
866.mp4;TRUE;N/A;STILL;N/A;N/A;N/A;N/A;N/A;N/A;N/A;N/A;N/A;N/A;N/A;N/A;N/A
867.mp4;TRUE;N/A;STILL;N/A;N/A;N/A;N/A;N/A;N/A;N/A;N/A;N/A;N/A;N/A;N/A;N/A
868.mp4;TRUE;N/A;STILL;N/A;N/A;N/A;N/A;N/A;N/A;N/A;N/A;N/A;N/A;N/A;N/A;N/A
869.mp4;TRUE;N/A;STILL;N/A;N/A;N/A;N/A;N/A;N/A;N/A;N/A;N/A;N/A;N/A;N/A;N/A
870.mp4;TRUE;N/A;STILL;N/A;N/A;N/A;N/A;N/A;N/A;N/A;N/A;N/A;N/A;N/A;N/A;N/A
871.mp4;TRUE;N/A;STILL;N/A;N/A;N/A;N/A;N/A;N/A;N/A;N/A;N/A;N/A;N/A;N/A;N/A
872.mp4;TRUE;N/A;STILL;N/A;N/A;N/A;N/A;N/A;N/A;N/A;N/A;N/A;N/A;N/A;N/A;N/A
873.mp4;TRUE;N/A;STILL;N/A;N/A;N/A;N/A;N/A;N/A;N/A;N/A;N/A;N/A;N/A;N/A;N/A
874.mp4;TRUE;N/A;STILL;N/A;N/A;N/A;N/A;N/A;N/A;N/A;N/A;N/A;N/A;N/A;N/A;N/A
875.mp4;TRUE;N/A;STILL;N/A;N/A;N/A;N/A;N/A;N/A;N/A;N/A;N/A;N/A;N/A;N/A;N/A
876.mp4;TRUE;N/A;STILL;N/A;N/A;N/A;N/A;N/A;N/A;N/A;N/A;N/A;N/A;N/A;N/A;N/A
877.mp4;TRUE;N/A;STILL;N/A;N/A;N/A;N/A;N/A;N/A;N/A;N/A;N/A;N/A;N/A;N/A;N/A
878.mp4;TRUE;N/A;STILL;N/A;N/A;N/A;N/A;N/A;N/A;N/A;N/A;N/A;N/A;N/A;N/A;N/A
879.mp4;TRUE;N/A;STILL;N/A;N/A;N/A;N/A;N/A;N/A;N/A;N/A;N/A;N/A;N/A;N/A;N/A
880.mp4;TRUE;N/A;STILL;N/A;N/A;N/A;N/A;N/A;N/A;N/A;N/A;N/A;N/A;N/A;N/A;N/A
881.mp4;TRUE;N/A;STILL;N/A;N/A;N/A;N/A;N/A;N/A;N/A;N/A;N/A;N/A;N/A;N/A;N/A
882.mp4;TRUE;N/A;STILL;N/A;N/A;N/A;N/A;N/A;N/A;N/A;N/A;N/A;N/A;N/A;N/A;N/A
883.mp4;TRUE;N/A;STILL;N/A;N/A;N/A;N/A;N/A;N/A;N/A;N/A;N/A;N/A;N/A;N/A;N/A
884.mp4;TRUE;N/A;STILL;N/A;N/A;N/A;N/A;N/A;N/A;N/A;N/A;N/A;N/A;N/A;N/A;N/A
885.mp4;TRUE;N/A;STILL;N/A;N/A;N/A;N/A;N/A;N/A;N/A;N/A;N/A;N/A;N/A;N/A;N/A
886.mp4;TRUE;N/A;STILL;N/A;N/A;N/A;N/A;N/A;N/A;N/A;N/A;N/A;N/A;N/A;N/A;N/A
887.mp4;TRUE;N/A;STILL;N/A;N/A;N/A;N/A;N/A;N/A;N/A;N/A;N/A;N/A;N/A;N/A;N/A
888.mp4;TRUE;N/A;STILL;N/A;N/A;N/A;N/A;N/A;N/A;N/A;N/A;N/A;N/A;N/A;N/A;N/A
889.mp4;TRUE;N/A;STILL;N/A;N/A;N/A;N/A;N/A;N/A;N/A;N/A;N/A;N/A;N/A;N/A;N/A
890.mp4;TRUE;N/A;STILL;N/A;N/A;N/A;N/A;N/A;N/A;N/A;N/A;N/A;N/A;N/A;N/A;N/A
891.mp4;TRUE;N/A;STILL;N/A;N/A;N/A;N/A;N/A;N/A;N/A;N/A;N/A;N/A;N/A;N/A;N/A
892.mp4;TRUE;N/A;STILL;N/A;N/A;N/A;N/A;N/A;N/A;N/A;N/A;N/A;N/A;N/A;N/A;N/A
893.mp4;TRUE;N/A;STILL;N/A;N/A;N/A;N/A;N/A;N/A;N/A;N/A;N/A;N/A;N/A;N/A;N/A
894.mp4;TRUE;N/A;STILL;N/A;N/A;N/A;N/A;N/A;N/A;N/A;N/A;N/A;N/A;N/A;N/A;N/A
895.mp4;TRUE;N/A;STILL;N/A;N/A;N/A;N/A;N/A;N/A;N/A;N/A;N/A;N/A;N/A;N/A;N/A
896.mp4;TRUE;N/A;STILL;N/A;N/A;N/A;N/A;N/A;N/A;N/A;N/A;N/A;N/A;N/A;N/A;N/A
897.mp4;TRUE;N/A;STILL;N/A;N/A;N/A;N/A;N/A;N/A;N/A;N/A;N/A;N/A;N/A;N/A;N/A
898.mp4;TRUE;N/A;STILL;N/A;N/A;N/A;N/A;N/A;N/A;N/A;N/A;N/A;N/A;N/A;N/A;N/A
899.mp4;TRUE;N/A;STILL;N/A;N/A;N/A;N/A;N/A;N/A;N/A;N/A;N/A;N/A;N/A;N/A;N/A
900.mp4;TRUE;N/A;STILL;N/A;N/A;N/A;N/A;N/A;N/A;N/A;N/A;N/A;N/A;N/A;N/A;N/A
901.mp4;TRUE;N/A;STILL;N/A;N/A;N/A;N/A;N/A;N/A;N/A;N/A;N/A;N/A;N/A;N/A;N/A
902.mp4;TRUE;N/A;STILL;N/A;N/A;N/A;N/A;N/A;N/A;N/A;N/A;N/A;N/A;N/A;N/A;N/A
903.mp4;TRUE;N/A;STILL;N/A;N/A;N/A;N/A;N/A;N/A;N/A;N/A;N/A;N/A;N/A;N/A;N/A
904.mp4;TRUE;N/A;STILL;N/A;N/A;N/A;N/A;N/A;N/A;N/A;N/A;N/A;N/A;N/A;N/A;N/A
905.mp4;TRUE;N/A;STILL;N/A;N/A;N/A;N/A;N/A;N/A;N/A;N/A;N/A;N/A;N/A;N/A;N/A
906.mp4;TRUE;N/A;STILL;N/A;N/A;N/A;N/A;N/A;N/A;N/A;N/A;N/A;N/A;N/A;N/A;N/A
907.mp4;TRUE;N/A;STILL;N/A;N/A;N/A;N/A;N/A;N/A;N/A;N/A;N/A;N/A;N/A;N/A;N/A
908.mp4;TRUE;N/A;STILL;N/A;N/A;N/A;N/A;N/A;N/A;N/A;N/A;N/A;N/A;N/A;N/A;N/A
909.mp4;TRUE;N/A;STILL;N/A;N/A;N/A;N/A;N/A;N/A;N/A;N/A;N/A;N/A;N/A;N/A;N/A
910.mp4;TRUE;N/A;STILL;N/A;N/A;N/A;N/A;N/A;N/A;N/A;N/A;N/A;N/A;N/A;N/A;N/A
911.mp4;TRUE;N/A;STILL;N/A;N/A;N/A;N/A;N/A;N/A;N/A;N/A;N/A;N/A;N/A;N/A;N/A
912.mp4;TRUE;N/A;STILL;N/A;N/A;N/A;N/A;N/A;N/A;N/A;N/A;N/A;N/A;N/A;N/A;N/A
913.mp4;TRUE;N/A;STILL;N/A;N/A;N/A;N/A;N/A;N/A;N/A;N/A;N/A;N/A;N/A;N/A;N/A
914.mp4;TRUE;N/A;STILL;N/A;N/A;N/A;N/A;N/A;N/A;N/A;N/A;N/A;N/A;N/A;N/A;N/A
915.mp4;TRUE;N/A;STILL;N/A;N/A;N/A;N/A;N/A;N/A;N/A;N/A;N/A;N/A;N/A;N/A;N/A
916.mp4;TRUE;N/A;STILL;N/A;N/A;N/A;N/A;N/A;N/A;N/A;N/A;N/A;N/A;N/A;N/A;N/A
917.mp4;TRUE;N/A;STILL;N/A;N/A;N/A;N/A;N/A;N/A;N/A;N/A;N/A;N/A;N/A;N/A;N/A
918.mp4;TRUE;N/A;STILL;N/A;N/A;N/A;N/A;N/A;N/A;N/A;N/A;N/A;N/A;N/A;N/A;N/A
919.mp4;TRUE;N/A;STILL;N/A;N/A;N/A;N/A;N/A;N/A;N/A;N/A;N/A;N/A;N/A;N/A;N/A
920.mp4;TRUE;N/A;STILL;N/A;N/A;N/A;N/A;N/A;N/A;N/A;N/A;N/A;N/A;N/A;N/A;N/A
921.mp4;TRUE;N/A;STILL;N/A;N/A;N/A;N/A;N/A;N/A;N/A;N/A;N/A;N/A;N/A;N/A;N/A
922.mp4;TRUE;N/A;STILL;N/A;N/A;N/A;N/A;N/A;N/A;N/A;N/A;N/A;N/A;N/A;N/A;N/A
923.mp4;TRUE;N/A;STILL;N/A;N/A;N/A;N/A;N/A;N/A;N/A;N/A;N/A;N/A;N/A;N/A;N/A
924.mp4;TRUE;N/A;STILL;N/A;N/A;N/A;N/A;N/A;N/A;N/A;N/A;N/A;N/A;N/A;N/A;N/A
925.mp4;TRUE;N/A;STILL;N/A;N/A;N/A;N/A;N/A;N/A;N/A;N/A;N/A;N/A;N/A;N/A;N/A
926.mp4;TRUE;N/A;STILL;N/A;N/A;N/A;N/A;N/A;N/A;N/A;N/A;N/A;N/A;N/A;N/A;N/A
927.mp4;TRUE;N/A;STILL;N/A;N/A;N/A;N/A;N/A;N/A;N/A;N/A;N/A;N/A;N/A;N/A;N/A
928.mp4;TRUE;N/A;STILL;N/A;N/A;N/A;N/A;N/A;N/A;N/A;N/A;N/A;N/A;N/A;N/A;N/A
929.mp4;TRUE;N/A;STILL;N/A;N/A;N/A;N/A;N/A;N/A;N/A;N/A;N/A;N/A;N/A;N/A;N/A
930.mp4;TRUE;N/A;STILL;N/A;N/A;N/A;N/A;N/A;N/A;N/A;N/A;N/A;N/A;N/A;N/A;N/A
931.mp4;TRUE;N/A;STILL;N/A;N/A;N/A;N/A;N/A;N/A;N/A;N/A;N/A;N/A;N/A;N/A;N/A
932.mp4;TRUE;N/A;STILL;N/A;N/A;N/A;N/A;N/A;N/A;N/A;N/A;N/A;N/A;N/A;N/A;N/A
933.mp4;TRUE;N/A;STILL;N/A;N/A;N/A;N/A;N/A;N/A;N/A;N/A;N/A;N/A;N/A;N/A;N/A
934.mp4;TRUE;N/A;STILL;N/A;N/A;N/A;N/A;N/A;N/A;N/A;N/A;N/A;N/A;N/A;N/A;N/A
935.mp4;TRUE;N/A;STILL;N/A;N/A;N/A;N/A;N/A;N/A;N/A;N/A;N/A;N/A;N/A;N/A;N/A
936.mp4;TRUE;N/A;STILL;N/A;N/A;N/A;N/A;N/A;N/A;N/A;N/A;N/A;N/A;N/A;N/A;N/A
937.mp4;TRUE;N/A;STILL;N/A;N/A;N/A;N/A;N/A;N/A;N/A;N/A;N/A;N/A;N/A;N/A;N/A
938.mp4;TRUE;N/A;STILL;N/A;N/A;N/A;N/A;N/A;N/A;N/A;N/A;N/A;N/A;N/A;N/A;N/A
939.mp4;TRUE;N/A;STILL;N/A;N/A;N/A;N/A;N/A;N/A;N/A;N/A;N/A;N/A;N/A;N/A;N/A
940.mp4;TRUE;N/A;STILL;N/A;N/A;N/A;N/A;N/A;N/A;N/A;N/A;N/A;N/A;N/A;N/A;N/A
941.mp4;TRUE;N/A;STILL;N/A;N/A;N/A;N/A;N/A;N/A;N/A;N/A;N/A;N/A;N/A;N/A;N/A
942.mp4;TRUE;N/A;STILL;N/A;N/A;N/A;N/A;N/A;N/A;N/A;N/A;N/A;N/A;N/A;N/A;N/A
943.mp4;TRUE;N/A;STILL;N/A;N/A;N/A;N/A;N/A;N/A;N/A;N/A;N/A;N/A;N/A;N/A;N/A
944.mp4;TRUE;N/A;STILL;N/A;N/A;N/A;N/A;N/A;N/A;N/A;N/A;N/A;N/A;N/A;N/A;N/A
945.mp4;TRUE;N/A;STILL;N/A;N/A;N/A;N/A;N/A;N/A;N/A;N/A;N/A;N/A;N/A;N/A;N/A
946.mp4;TRUE;N/A;STILL;N/A;N/A;N/A;N/A;N/A;N/A;N/A;N/A;N/A;N/A;N/A;N/A;N/A
947.mp4;TRUE;N/A;STILL;N/A;N/A;N/A;N/A;N/A;N/A;N/A;N/A;N/A;N/A;N/A;N/A;N/A
948.mp4;TRUE;N/A;STILL;N/A;N/A;N/A;N/A;N/A;N/A;N/A;N/A;N/A;N/A;N/A;N/A;N/A
949.mp4;TRUE;N/A;STILL;N/A;N/A;N/A;N/A;N/A;N/A;N/A;N/A;N/A;N/A;N/A;N/A;N/A
950.mp4;TRUE;N/A;STILL;N/A;N/A;N/A;N/A;N/A;N/A;N/A;N/A;N/A;N/A;N/A;N/A;N/A
951.mp4;TRUE;N/A;STILL;N/A;N/A;N/A;N/A;N/A;N/A;N/A;N/A;N/A;N/A;N/A;N/A;N/A
952.mp4;TRUE;N/A;STILL;N/A;N/A;N/A;N/A;N/A;N/A;N/A;N/A;N/A;N/A;N/A;N/A;N/A
953.mp4;TRUE;N/A;STILL;N/A;N/A;N/A;N/A;N/A;N/A;N/A;N/A;N/A;N/A;N/A;N/A;N/A
954.mp4;TRUE;N/A;STILL;N/A;N/A;N/A;N/A;N/A;N/A;N/A;N/A;N/A;N/A;N/A;N/A;N/A
955.mp4;TRUE;N/A;STILL;N/A;N/A;N/A;N/A;N/A;N/A;N/A;N/A;N/A;N/A;N/A;N/A;N/A
956.mp4;TRUE;N/A;STILL;N/A;N/A;N/A;N/A;N/A;N/A;N/A;N/A;N/A;N/A;N/A;N/A;N/A
957.mp4;TRUE;N/A;STILL;N/A;N/A;N/A;N/A;N/A;N/A;N/A;N/A;N/A;N/A;N/A;N/A;N/A
958.mp4;TRUE;N/A;STILL;N/A;N/A;N/A;N/A;N/A;N/A;N/A;N/A;N/A;N/A;N/A;N/A;N/A
959.mp4;TRUE;N/A;STILL;N/A;N/A;N/A;N/A;N/A;N/A;N/A;N/A;N/A;N/A;N/A;N/A;N/A
960.mp4;TRUE;N/A;STILL;N/A;N/A;N/A;N/A;N/A;N/A;N/A;N/A;N/A;N/A;N/A;N/A;N/A
961.mp4;TRUE;N/A;STILL;N/A;N/A;N/A;N/A;N/A;N/A;N/A;N/A;N/A;N/A;N/A;N/A;N/A
962.mp4;TRUE;N/A;STILL;N/A;N/A;N/A;N/A;N/A;N/A;N/A;N/A;N/A;N/A;N/A;N/A;N/A
963.mp4;TRUE;N/A;STILL;N/A;N/A;N/A;N/A;N/A;N/A;N/A;N/A;N/A;N/A;N/A;N/A;N/A
964.mp4;TRUE;N/A;STILL;N/A;N/A;N/A;N/A;N/A;N/A;N/A;N/A;N/A;N/A;N/A;N/A;N/A
965.mp4;TRUE;N/A;STILL;N/A;N/A;N/A;N/A;N/A;N/A;N/A;N/A;N/A;N/A;N/A;N/A;N/A
966.mp4;TRUE;N/A;STILL;N/A;N/A;N/A;N/A;N/A;N/A;N/A;N/A;N/A;N/A;N/A;N/A;N/A
967.mp4;TRUE;N/A;STILL;N/A;N/A;N/A;N/A;N/A;N/A;N/A;N/A;N/A;N/A;N/A;N/A;N/A
968.mp4;TRUE;N/A;STILL;N/A;N/A;N/A;N/A;N/A;N/A;N/A;N/A;N/A;N/A;N/A;N/A;N/A
969.mp4;TRUE;N/A;STILL;N/A;N/A;N/A;N/A;N/A;N/A;N/A;N/A;N/A;N/A;N/A;N/A;N/A
970.mp4;TRUE;N/A;STILL;N/A;N/A;N/A;N/A;N/A;N/A;N/A;N/A;N/A;N/A;N/A;N/A;N/A
971.mp4;TRUE;N/A;STILL;N/A;N/A;N/A;N/A;N/A;N/A;N/A;N/A;N/A;N/A;N/A;N/A;N/A
972.mp4;TRUE;N/A;STILL;N/A;N/A;N/A;N/A;N/A;N/A;N/A;N/A;N/A;N/A;N/A;N/A;N/A
973.mp4;TRUE;N/A;STILL;N/A;N/A;N/A;N/A;N/A;N/A;N/A;N/A;N/A;N/A;N/A;N/A;N/A
974.mp4;TRUE;N/A;STILL;N/A;N/A;N/A;N/A;N/A;N/A;N/A;N/A;N/A;N/A;N/A;N/A;N/A
975.mp4;TRUE;N/A;STILL;N/A;N/A;N/A;N/A;N/A;N/A;N/A;N/A;N/A;N/A;N/A;N/A;N/A
976.mp4;TRUE;N/A;STILL;N/A;N/A;N/A;N/A;N/A;N/A;N/A;N/A;N/A;N/A;N/A;N/A;N/A
977.mp4;TRUE;N/A;STILL;N/A;N/A;N/A;N/A;N/A;N/A;N/A;N/A;N/A;N/A;N/A;N/A;N/A
978.mp4;TRUE;N/A;STILL;N/A;N/A;N/A;N/A;N/A;N/A;N/A;N/A;N/A;N/A;N/A;N/A;N/A
979.mp4;TRUE;N/A;STILL;N/A;N/A;N/A;N/A;N/A;N/A;N/A;N/A;N/A;N/A;N/A;N/A;N/A
980.mp4;TRUE;N/A;STILL;N/A;N/A;N/A;N/A;N/A;N/A;N/A;N/A;N/A;N/A;N/A;N/A;N/A
981.mp4;TRUE;N/A;STILL;N/A;N/A;N/A;N/A;N/A;N/A;N/A;N/A;N/A;N/A;N/A;N/A;N/A
982.mp4;TRUE;N/A;STILL;N/A;N/A;N/A;N/A;N/A;N/A;N/A;N/A;N/A;N/A;N/A;N/A;N/A
983.mp4;TRUE;N/A;STILL;N/A;N/A;N/A;N/A;N/A;N/A;N/A;N/A;N/A;N/A;N/A;N/A;N/A
984.mp4;TRUE;N/A;STILL;N/A;N/A;N/A;N/A;N/A;N/A;N/A;N/A;N/A;N/A;N/A;N/A;N/A
985.mp4;TRUE;N/A;STILL;N/A;N/A;N/A;N/A;N/A;N/A;N/A;N/A;N/A;N/A;N/A;N/A;N/A
986.mp4;TRUE;N/A;STILL;N/A;N/A;N/A;N/A;N/A;N/A;N/A;N/A;N/A;N/A;N/A;N/A;N/A
987.mp4;TRUE;N/A;STILL;N/A;N/A;N/A;N/A;N/A;N/A;N/A;N/A;N/A;N/A;N/A;N/A;N/A
988.mp4;TRUE;N/A;STILL;N/A;N/A;N/A;N/A;N/A;N/A;N/A;N/A;N/A;N/A;N/A;N/A;N/A
989.mp4;TRUE;N/A;STILL;N/A;N/A;N/A;N/A;N/A;N/A;N/A;N/A;N/A;N/A;N/A;N/A;N/A
990.mp4;TRUE;N/A;STILL;N/A;N/A;N/A;N/A;N/A;N/A;N/A;N/A;N/A;N/A;N/A;N/A;N/A
991.mp4;TRUE;N/A;STILL;N/A;N/A;N/A;N/A;N/A;N/A;N/A;N/A;N/A;N/A;N/A;N/A;N/A
992.mp4;TRUE;N/A;STILL;N/A;N/A;N/A;N/A;N/A;N/A;N/A;N/A;N/A;N/A;N/A;N/A;N/A
993.mp4;TRUE;N/A;STILL;N/A;N/A;N/A;N/A;N/A;N/A;N/A;N/A;N/A;N/A;N/A;N/A;N/A
994.mp4;TRUE;N/A;STILL;N/A;N/A;N/A;N/A;N/A;N/A;N/A;N/A;N/A;N/A;N/A;N/A;N/A
995.mp4;TRUE;N/A;STILL;N/A;N/A;N/A;N/A;N/A;N/A;N/A;N/A;N/A;N/A;N/A;N/A;N/A
996.mp4;TRUE;N/A;STILL;N/A;N/A;N/A;N/A;N/A;N/A;N/A;N/A;N/A;N/A;N/A;N/A;N/A
997.mp4;TRUE;N/A;STILL;N/A;N/A;N/A;N/A;N/A;N/A;N/A;N/A;N/A;N/A;N/A;N/A;N/A
998.mp4;TRUE;N/A;STILL;N/A;N/A;N/A;N/A;N/A;N/A;N/A;N/A;N/A;N/A;N/A;N/A;N/A
999.mp4;TRUE;N/A;STILL;N/A;N/A;N/A;N/A;N/A;N/A;N/A;N/A;N/A;N/A;N/A;N/A;N/A