video_name;gender;ethnicity;hair_color;hair_length;is_ears_visible
000.mp4;MALE;OTHER;OTHER;UNKNOW;TRUE
001.mp4;FEMALE;ASIAN;BLACK;LONG;TRUE
002.mp4;MALE;WHITE;GREY;SHORT;TRUE
003.mp4;MALE;WHITE;OTHER;BALD;TRUE
004.mp4;MALE;WHITE;BROWN;SHORT;TRUE
005.mp4;FEMALE;WHITE;BLACK;LONG;FALSE
006.mp4;MALE;WHITE;GREY;SHORT;TRUE
007.mp4;FEMALE;WHITE;BROWN;PONYTAIL;TRUE
008.mp4;FEMALE;WHITE;BLACK;LONG;TRUE
009.mp4;MALE;WHITE;LIGHT BROWN;SHORT;TRUE
010.mp4;FEMALE;ASIAN;BLACK;PONYTAIL;TRUE
011.mp4;MALE;WHITE;LIGHT BROWN;SHORT;TRUE
012.mp4;FEMALE;WHITE;BLACK;LONG;FALSE
013.mp4;FEMALE;WHITE;BLONDE;SHORT;TRUE
014.mp4;MALE;ASIAN;BLACK;SHORT;TRUE
015.mp4;MALE;WHITE;BLACK;SHORT;TRUE
016.mp4;MALE;ASIAN;BLACK;SHORT;TRUE
017.mp4;FEMALE;WHITE;BLONDE;SHORT;FALSE
018.mp4;FEMALE;WHITE;BLONDE;SHORT;TRUE
019.mp4;FEMALE;WHITE;BLONDE;SHORT;FALSE
020.mp4;MALE;OTHER;BLACK;SHORT;TRUE
021.mp4;FEMALE;WHITE;BLONDE;LONG;FALSE
022.mp4;MALE;WHITE;BLACK;SHORT;TRUE
023.mp4;MALE;ASIAN;BLACK;SHORT;TRUE
024.mp4;MALE;WHITE;LIGHT BROWN;SHORT;TRUE
025.mp4;FEMALE;WHITE;BLONDE;LONG;FALSE
026.mp4;FEMALE;OTHER;BLACK;LONG;FALSE
027.mp4;MALE;WHITE;GREY;SHORT;TRUE
028.mp4;FEMALE;WHITE;BLONDE;LONG;FALSE
029.mp4;FEMALE;WHITE;BLACK;LONG;TRUE
030.mp4;FEMALE;WHITE;BLACK;PONYTAIL;TRUE
031.mp4;MALE;AFRICAN;BALD;UNKNOW;TRUE
032.mp4;FEMALE;WHITE;RED;PONYTAIL;TRUE
033.mp4;MALE;WHITE;BLACK;SHORT;TRUE
034.mp4;FEMALE;ASIAN;BLACK;PONYTAIL;TRUE
035.mp4;MALE;WHITE;BROWN;SHORT;TRUE
036.mp4;MALE;ASIAN;BLACK;SHORT;TRUE
037.mp4;FEMALE;WHITE;LIGHT BROWN;LONG;TRUE
038.mp4;FEMALE;WHITE;BLACK;LONG;FALSE
039.mp4;MALE;MIXED;BALD;UNKNOW;TRUE
040.mp4;FEMALE;WHITE;BLACK;SHORT;TRUE
041.mp4;MALE;ASIAN;BLACK;SHORT;TRUE
042.mp4;FEMALE;AFRICAN;BLACK;LONG;TRUE
043.mp4;MALE;WHITE;GREY;SHORT;TRUE
044.mp4;MALE;WHITE;BLACK;SHORT;TRUE
045.mp4;FEMALE;WHITE;BROWN;LONG;TRUE
046.mp4;FEMALE;WHITE;BLACK;LONG;FALSE
047.mp4;FEMALE;WHITE;BLONDE;SHORT;FALSE
048.mp4;FEMALE;MIXED;BLACK;LONG;FALSE
049.mp4;FEMALE;WHITE;BLACK;SHORT;TRUE
050.mp4;MALE;WHITE;GREY;SHORT;TRUE
051.mp4;FEMALE;OTHER;BLACK;LONG;FALSE
052.mp4;FEMALE;WHITE;BLACK;SHORT;TRUE
053.mp4;FEMALE;WHITE;BLACK;LONG;TRUE
054.mp4;MALE;WHITE;BLACK;SHORT;TRUE
055.mp4;MALE;WHITE;BLACK;SHORT;TRUE
056.mp4;MALE;WHITE;BLACK;SHORT;TRUE
057.mp4;FEMALE;WHITE;BLACK;LONG;TRUE
058.mp4;FEMALE;WHITE;BLACK;SHORT;TRUE
059.mp4;MALE;WHITE;BLACK;SHORT;TRUE
060.mp4;MALE;WHITE;BROWN;SHORT;TRUE
061.mp4;MALE;WHITE;BLACK;SHORT;TRUE
062.mp4;FEMALE;WHITE;BLACK;SHORT;TRUE
063.mp4;FEMALE;WHITE;BLACK;SHORT;TRUE
064.mp4;MALE;WHITE;BROWN;SHORT;TRUE
065.mp4;MALE;WHITE;BLACK;SHORT;TRUE
066.mp4;FEMALE;WHITE;BLACK;SHORT;TRUE
067.mp4;FEMALE;WHITE;BLONDE;SHORT;TRUE
068.mp4;FEMALE;WHITE;BLONDE;LONG;FALSE
069.mp4;FEMALE;WHITE;BLACK;LONG;TRUE
070.mp4;FEMALE;WHITE;BLACK;SHORT;TRUE
071.mp4;MALE;WHITE;BROWN;SHORT;TRUE
072.mp4;FEMALE;WHITE;BLACK;LONG;TRUE
073.mp4;MALE;WHITE;LIGHT BROWN;SHORT;TRUE
074.mp4;FEMALE;WHITE;BLACK;LONG;TRUE
075.mp4;FEMALE;WHITE;BLACK;LONG;TRUE
076.mp4;FEMALE;WHITE;BLACK;LONG;TRUE
077.mp4;FEMALE;WHITE;BLACK;SHORT;TRUE
078.mp4;MALE;WHITE;BLACK;SHORT;TRUE
079.mp4;FEMALE;WHITE;BLACK;SHORT;TRUE
080.mp4;MALE;WHITE;BLACK;SHORT;TRUE
081.mp4;MALE;WHITE;BLACK;SHORT;TRUE
082.mp4;FEMALE;WHITE;BLACK;LONG;TRUE
083.mp4;FEMALE;WHITE;BLACK;LONG;FALSE
084.mp4;FEMALE;WHITE;BLONDE;SHORT;TRUE
085.mp4;MALE;WHITE;BLACK;LONG;TRUE
086.mp4;MALE;WHITE;BLACK;SHORT;TRUE
087.mp4;MALE;WHITE;BLACK;SHORT;TRUE
088.mp4;FEMALE;WHITE;BLACK;LONG;FALSE
089.mp4;FEMALE;WHITE;LIGHT BROWN;SHORT;TRUE
090.mp4;FEMALE;WHITE;BLACK;LONG;TRUE
091.mp4;MALE;WHITE;BLONDE;SHORT;TRUE
092.mp4;MALE;WHITE;BLACK;SHORT;TRUE
093.mp4;FEMALE;WHITE;BLONDE;LONG;FALSE
094.mp4;MALE;WHITE;BLACK;SHORT;TRUE
095.mp4;FEMALE;WHITE;BLONDE;SHORT;TRUE
096.mp4;FEMALE;WHITE;BLACK;LONG;FALSE
097.mp4;MALE;WHITE;BLACK;SHORT;TRUE
098.mp4;MALE;WHITE;BLACK;SHORT;TRUE
099.mp4;FEMALE;WHITE;BLACK;LONG;TRUE
100.mp4;MALE;WHITE;BLACK;SHORT;TRUE
101.mp4;FEMALE;WHITE;BLONDE;SHORT;TRUE
102.mp4;MALE;WHITE;BLACK;SHORT;TRUE
103.mp4;FEMALE;WHITE;BLACK;LONG;TRUE
104.mp4;FEMALE;WHITE;BLACK;LONG;FALSE
105.mp4;FEMALE;WHITE;BLACK;SHORT;TRUE
106.mp4;MALE;WHITE;BLONDE;SHORT;TRUE
107.mp4;MALE;WHITE;BLACK;SHORT;TRUE
108.mp4;FEMALE;WHITE;BLACK;LONG;FALSE
109.mp4;MALE;WHITE;GREY;SHORT;TRUE
110.mp4;FEMALE;WHITE;BLONDE;SHORT;TRUE
111.mp4;MALE;WHITE;BALD;SHORT;TRUE
112.mp4;FEMALE;WHITE;BLACK;LONG;TRUE
113.mp4;FEMALE;WHITE;BLONDE;LONG;FALSE
114.mp4;MALE;WHITE;BLACK;SHORT;TRUE
115.mp4;MALE;WHITE;BLACK;SHORT;TRUE
116.mp4;FEMALE;WHITE;BLONDE;LONG;FALSE
117.mp4;FEMALE;WHITE;BLACK;LONG;TRUE
118.mp4;FEMALE;ASIAN;BLACK;LONG;TRUE
119.mp4;FEMALE;WHITE;BLACK;LONG;TRUE
120.mp4;MALE;WHITE;BLACK;SHORT;TRUE
121.mp4;FEMALE;WHITE;BLACK;LONG;TRUE
122.mp4;MALE;WHITE;BLACK;PONYTAIL;TRUE
123.mp4;FEMALE;WHITE;BLACK;SHORT;TRUE
124.mp4;FEMALE;WHITE;BLACK;LONG;FALSE
125.mp4;FEMALE;WHITE;BLACK;SHORT;TRUE
126.mp4;FEMALE;WHITE;BLACK;LONG;TRUE
127.mp4;MALE;WHITE;BLACK;SHORT;TRUE
128.mp4;MALE;WHITE;BLACK;SHORT;TRUE
129.mp4;MALE;WHITE;GREY;SHORT;TRUE
130.mp4;FEMALE;WHITE;BLACK;LONG;TRUE
131.mp4;FEMALE;WHITE;GREY;SHORT;TRUE
132.mp4;FEMALE;WHITE;BLACK;LONG;FALSE
133.mp4;MALE;WHITE;GREY;SHORT;TRUE
134.mp4;FEMALE;WHITE;BLACK;LONG;FALSE
135.mp4;FEMALE;WHITE;BLACK;LONG;TRUE
136.mp4;FEMALE;WHITE;BLACK;SHORT;TRUE
137.mp4;FEMALE;WHITE;BLACK;LONG;TRUE
138.mp4;FEMALE;WHITE;BLACK;LONG;TRUE
139.mp4;FEMALE;WHITE;BLACK;LONG;TRUE
140.mp4;MALE;WHITE;GREY;SHORT;TRUE
141.mp4;FEMALE;WHITE;BLACK;SHORT;TRUE
142.mp4;FEMALE;WHITE;BLACK;LONG;FALSE
143.mp4;MALE;WHITE;BLACK;SHORT;TRUE
144.mp4;FEMALE;WHITE;BLACK;SHORT;TRUE
145.mp4;FEMALE;WHITE;BLONDE;SHORT;TRUE
146.mp4;FEMALE;WHITE;BLONDE;SHORT;FALSE
147.mp4;MALE;WHITE;BLACK;SHORT;TRUE
148.mp4;MALE;WHITE;BLACK;SHORT;TRUE
149.mp4;FEMALE;WHITE;BLONDE;SHORT;TRUE
150.mp4;MALE;WHITE;BLACK;SHORT;TRUE
151.mp4;FEMALE;WHITE;BLACK;SHORT;TRUE
152.mp4;FEMALE;WHITE;BLONDE;SHORT;TRUE
153.mp4;MALE;WHITE;BLACK;SHORT;TRUE
154.mp4;FEMALE;WHITE;BLACK;LONG;FALSE
155.mp4;FEMALE;WHITE;BLACK;LONG;TRUE
156.mp4;FEMALE;WHITE;BLACK;LONG;FALSE
157.mp4;MALE;WHITE;BLACK;SHORT;TRUE
158.mp4;FEMALE;WHITE;BLONDE;SHORT;FALSE
159.mp4;MALE;WHITE;BLACK;SHORT;TRUE
160.mp4;MALE;WHITE;BLACK;SHORT;TRUE
161.mp4;FEMALE;WHITE;BLACK;LONG;TRUE
162.mp4;FEMALE;WHITE;BLACK;LONG;TRUE
163.mp4;MALE;WHITE;BLACK;SHORT;TRUE
164.mp4;MALE;WHITE;BLACK;SHORT;TRUE
165.mp4;FEMALE;WHITE;BLACK;SHORT;TRUE
166.mp4;FEMALE;WHITE;BLACK;LONG;TRUE
167.mp4;FEMALE;WHITE;BLACK;LONG;FALSE
168.mp4;FEMALE;WHITE;BLACK;LONG;TRUE
169.mp4;FEMALE;WHITE;BLACK;LONG;FALSE
170.mp4;FEMALE;WHITE;LIGHT BROWN;SHORT;TRUE
171.mp4;MALE;WHITE;GREY;SHORT;TRUE
172.mp4;MALE;WHITE;BROWN;SHORT;TRUE
173.mp4;MALE;WHITE;BLACK;SHORT;TRUE
174.mp4;FEMALE;WHITE;BLACK;LONG;FALSE
175.mp4;FEMALE;WHITE;BLACK;SHORT;TRUE
176.mp4;FEMALE;WHITE;BLACK;LONG;TRUE
177.mp4;FEMALE;WHITE;BLACK;LONG;FALSE
178.mp4;FEMALE;WHITE;BLACK;SHORT;TRUE
179.mp4;MALE;WHITE;BLACK;SHORT;TRUE
180.mp4;MALE;ASIAN;BLACK;SHORT;TRUE
181.mp4;MALE;WHITE;BLACK;SHORT;TRUE
182.mp4;FEMALE;WHITE;BLACK;LONG;FALSE
183.mp4;MALE;WHITE;BROWN;SHORT;TRUE
184.mp4;FEMALE;WHITE;BLACK;LONG;TRUE
185.mp4;MALE;WHITE;BLACK;SHORT;TRUE
186.mp4;FEMALE;WHITE;BLACK;LONG;TRUE
187.mp4;FEMALE;WHITE;BLACK;SHORT;TRUE
188.mp4;FEMALE;WHITE;BLACK;LONG;TRUE
189.mp4;FEMALE;WHITE;BLACK;LONG;FALSE
190.mp4;FEMALE;WHITE;BLACK;LONG;FALSE
191.mp4;FEMALE;WHITE;BLACK;LONG;FALSE
192.mp4;FEMALE;WHITE;BLACK;LONG;FALSE
193.mp4;FEMALE;WHITE;BLACK;SHORT;TRUE
194.mp4;MALE;WHITE;BLACK;SHORT;TRUE
195.mp4;MALE;WHITE;BROWN;SHORT;TRUE
196.mp4;MALE;WHITE;BLACK;SHORT;TRUE
197.mp4;MALE;WHITE;BLACK;SHORT;TRUE
198.mp4;MALE;WHITE;BLACK;SHORT;TRUE
199.mp4;FEMALE;WHITE;BLACK;SHORT;TRUE
200.mp4;FEMALE;WHITE;BLACK;LONG;TRUE
201.mp4;FEMALE;WHITE;BLACK;LONG;FALSE
202.mp4;FEMALE;WHITE;BLACK;LONG;FALSE
203.mp4;FEMALE;ASIAN;BLACK;LONG;TRUE
204.mp4;FEMALE;WHITE;BROWN;SHORT;TRUE
205.mp4;FEMALE;WHITE;BLACK;LONG;FALSE
206.mp4;FEMALE;WHITE;BLACK;LONG;TRUE
207.mp4;FEMALE;WHITE;BLACK;SHORT;TRUE
208.mp4;FEMALE;WHITE;BLACK;LONG;FALSE
209.mp4;FEMALE;WHITE;BLACK;SHORT;TRUE
210.mp4;MALE;WHITE;BLACK;SHORT;TRUE
211.mp4;MALE;WHITE;BLACK;SHORT;TRUE
212.mp4;MALE;WHITE;BLACK;SHORT;TRUE
213.mp4;FEMALE;WHITE;BLACK;SHORT;FALSE
214.mp4;FEMALE;WHITE;BLACK;LONG;TRUE
215.mp4;FEMALE;WHITE;BLACK;LONG;FALSE
216.mp4;MALE;WHITE;BLACK;SHORT;TRUE
217.mp4;FEMALE;WHITE;BLACK;SHORT;TRUE
218.mp4;MALE;WHITE;BLACK;SHORT;TRUE
219.mp4;FEMALE;WHITE;BLONDE;SHORT;TRUE
220.mp4;FEMALE;WHITE;BLONDE;LONG;FALSE
221.mp4;FEMALE;WHITE;BLACK;LONG;TRUE
222.mp4;FEMALE;WHITE;BLACK;LONG;TRUE
223.mp4;FEMALE;WHITE;BLACK;LONG;TRUE
224.mp4;MALE;ASIAN;BLACK;SHORT;TRUE
225.mp4;MALE;WHITE;BROWN;SHORT;TRUE
226.mp4;MALE;WHITE;GREY;SHORT;TRUE
227.mp4;FEMALE;WHITE;BLACK;LONG;TRUE
228.mp4;MALE;WHITE;BLACK;SHORT;TRUE
229.mp4;FEMALE;WHITE;BLONDE;LONG;FALSE
230.mp4;FEMALE;WHITE;BROWN;LONG;TRUE
231.mp4;MALE;WHITE;BLACK;LONG;FALSE
232.mp4;FEMALE;WHITE;BLACK;LONG;TRUE
233.mp4;MALE;WHITE;BLACK;SHORT;TRUE
234.mp4;MALE;WHITE;BLACK;SHORT;TRUE
235.mp4;FEMALE;WHITE;BLACK;SHORT;TRUE
236.mp4;MALE;WHITE;BLACK;SHORT;TRUE
237.mp4;FEMALE;WHITE;BLACK;SHORT;TRUE
238.mp4;FEMALE;WHITE;BLACK;LONG;FALSE
239.mp4;MALE;WHITE;GREY;SHORT;TRUE
240.mp4;FEMALE;WHITE;BLACK;LONG;TRUE
241.mp4;MALE;WHITE;BLACK;SHORT;TRUE
242.mp4;FEMALE;WHITE;BLONDE;LONG;FALSE
243.mp4;MALE;WHITE;BLACK;SHORT;TRUE
244.mp4;FEMALE;WHITE;BLACK;LONG;TRUE
245.mp4;MALE;WHITE;BLACK;SHORT;TRUE
246.mp4;FEMALE;WHITE;BLACK;LONG;FALSE
247.mp4;FEMALE;WHITE;BLACK;LONG;TRUE
248.mp4;MALE;WHITE;BLONDE;SHORT;TRUE
249.mp4;FEMALE;WHITE;BLONDE;LONG;FALSE
250.mp4;FEMALE;WHITE;BLACK;LONG;FALSE
251.mp4;FEMALE;OTHER;BLACK;LONG;TRUE
252.mp4;MALE;WHITE;BLACK;SHORT;TRUE
253.mp4;MALE;WHITE;BLACK;SHORT;TRUE
254.mp4;FEMALE;WHITE;BLACK;LONG;TRUE
255.mp4;FEMALE;WHITE;BLACK;SHORT;TRUE
256.mp4;FEMALE;WHITE;BLACK;SHORT;TRUE
257.mp4;FEMALE;WHITE;BLACK;LONG;FALSE
258.mp4;FEMALE;WHITE;BLACK;LONG;FALSE
259.mp4;MALE;WHITE;GREY;SHORT;TRUE
260.mp4;FEMALE;WHITE;BLACK;LONG;TRUE
261.mp4;FEMALE;WHITE;BLACK;LONG;FALSE
262.mp4;FEMALE;WHITE;BLACK;LONG;TRUE
263.mp4;FEMALE;WHITE;BLACK;LONG;TRUE
264.mp4;FEMALE;WHITE;BLONDE;LONG;FALSE
265.mp4;FEMALE;WHITE;BLONDE;SHORT;TRUE
266.mp4;MALE;WHITE;BLACK;SHORT;TRUE
267.mp4;MALE;WHITE;BLACK;SHORT;TRUE
268.mp4;MALE;WHITE;BLACK;SHORT;TRUE
269.mp4;MALE;WHITE;BLACK;SHORT;TRUE
270.mp4;MALE;WHITE;BLACK;SHORT;TRUE
271.mp4;FEMALE;ASIAN;BLACK;LONG;TRUE
272.mp4;FEMALE;MIXED;BLACK;LONG;TRUE
273.mp4;MALE;WHITE;GREY;SHORT;TRUE
274.mp4;FEMALE;WHITE;BROWN;LONG;TRUE
275.mp4;FEMALE;WHITE;BLACK;LONG;TRUE
276.mp4;MALE;WHITE;BLACK;SHORT;TRUE
277.mp4;MALE;WHITE;BLACK;SHORT;TRUE
278.mp4;MALE;WHITE;BLACK;SHORT;TRUE
279.mp4;MALE;WHITE;BLACK;SHORT;TRUE
280.mp4;FEMALE;WHITE;BLACK;LONG;FALSE
281.mp4;FEMALE;WHITE;BLACK;LONG;TRUE
282.mp4;FEMALE;WHITE;BLACK;LONG;TRUE
283.mp4;MALE;WHITE;BLONDE;SHORT;TRUE
284.mp4;FEMALE;WHITE;BLACK;LONG;TRUE
285.mp4;FEMALE;WHITE;BLONDE;LONG;FALSE
286.mp4;MALE;WHITE;BLACK;SHORT;TRUE
287.mp4;FEMALE;WHITE;BLONDE;SHORT;FALSE
288.mp4;FEMALE;WHITE;BLACK;LONG;FALSE
289.mp4;MALE;WHITE;BLACK;SHORT;TRUE
290.mp4;FEMALE;WHITE;BLACK;LONG;FALSE
291.mp4;MALE;WHITE;BLACK;SHORT;TRUE
292.mp4;FEMALE;WHITE;BLACK;LONG;FALSE
293.mp4;FEMALE;WHITE;BLACK;SHORT;TRUE
294.mp4;MALE;WHITE;BLACK;SHORT;TRUE
295.mp4;MALE;WHITE;LIGHT BROWN;SHORT;TRUE
296.mp4;FEMALE;WHITE;BLACK;LONG;TRUE
297.mp4;MALE;ASIAN;BLACK;SHORT;TRUE
298.mp4;MALE;WHITE;BLACK;SHORT;TRUE
299.mp4;FEMALE;WHITE;BLACK;LONG;TRUE
300.mp4;MALE;WHITE;BLACK;SHORT;TRUE
301.mp4;FEMALE;WHITE;BLACK;LONG;FALSE
302.mp4;MALE;WHITE;BROWN;SHORT;TRUE
303.mp4;FEMALE;WHITE;BLONDE;SHORT;TRUE
304.mp4;MALE;WHITE;BLACK;SHORT;TRUE
305.mp4;FEMALE;WHITE;BROWN;SHORT;TRUE
306.mp4;MALE;WHITE;BLACK;SHORT;TRUE
307.mp4;MALE;WHITE;BLONDE;SHORT;TRUE
308.mp4;FEMALE;WHITE;BLACK;LONG;FALSE
309.mp4;FEMALE;WHITE;BLACK;LONG;FALSE
310.mp4;MALE;WHITE;BLACK;SHORT;TRUE
311.mp4;MALE;WHITE;BLACK;SHORT;TRUE
312.mp4;FEMALE;WHITE;BLACK;LONG;TRUE
313.mp4;FEMALE;WHITE;BLACK;SHORT;TRUE
314.mp4;MALE;WHITE;GREY;SHORT;TRUE
315.mp4;FEMALE;WHITE;BLACK;LONG;FALSE
316.mp4;FEMALE;WHITE;BLACK;LONG;TRUE
317.mp4;MALE;AFRICAN;BLACK;LONG;TRUE
318.mp4;FEMALE;WHITE;BLACK;LONG;FALSE
319.mp4;MALE;WHITE;BLACK;SHORT;TRUE
320.mp4;FEMALE;MIXED;BLACK;LONG;TRUE
321.mp4;FEMALE;WHITE;BLACK;LONG;FALSE
322.mp4;FEMALE;WHITE;BLONDE;SHORT;TRUE
323.mp4;FEMALE;WHITE;BLACK;LONG;TRUE
324.mp4;MALE;WHITE;BLACK;SHORT;TRUE
325.mp4;MALE;WHITE;BLACK;SHORT;TRUE
326.mp4;MALE;WHITE;BLACK;SHORT;TRUE
327.mp4;FEMALE;WHITE;BLACK;LONG;TRUE
328.mp4;FEMALE;WHITE;BLACK;LONG;TRUE
329.mp4;FEMALE;WHITE;BLACK;SHORT;FALSE
330.mp4;FEMALE;WHITE;BLACK;LONG;TRUE
331.mp4;FEMALE;WHITE;BLACK;SHORT;TRUE
332.mp4;FEMALE;WHITE;BLACK;SHORT;TRUE
333.mp4;MALE;ASIAN;BLACK;SHORT;TRUE
334.mp4;FEMALE;WHITE;BLACK;LONG;TRUE
335.mp4;FEMALE;WHITE;BLACK;SHORT;TRUE
336.mp4;FEMALE;WHITE;BLACK;LONG;FALSE
337.mp4;FEMALE;WHITE;BLACK;SHORT;TRUE
338.mp4;FEMALE;WHITE;BLACK;SHORT;TRUE
339.mp4;FEMALE;WHITE;BLACK;LONG;TRUE
340.mp4;FEMALE;WHITE;BLONDE;LONG;FALSE
341.mp4;FEMALE;WHITE;BLACK;LONG;TRUE
342.mp4;MALE;WHITE;BLACK;SHORT;TRUE
343.mp4;MALE;WHITE;BLONDE;SHORT;TRUE
344.mp4;FEMALE;WHITE;BLACK;LONG;FALSE
345.mp4;MALE;WHITE;BLACK;SHORT;TRUE
346.mp4;FEMALE;WHITE;BLACK;SHORT;TRUE
347.mp4;MALE;WHITE;GREY;SHORT;TRUE
348.mp4;FEMALE;WHITE;BLONDE;SHORT;TRUE
349.mp4;FEMALE;WHITE;BLONDE;SHORT;FALSE
350.mp4;FEMALE;WHITE;BLACK;LONG;TRUE
351.mp4;MALE;WHITE;GREY;SHORT;TRUE
352.mp4;MALE;WHITE;BLACK;SHORT;TRUE
353.mp4;MALE;WHITE;BLACK;SHORT;TRUE
354.mp4;FEMALE;WHITE;BLONDE;LONG;FALSE
355.mp4;FEMALE;WHITE;BLACK;LONG;TRUE
356.mp4;MALE;WHITE;BLACK;SHORT;TRUE
357.mp4;FEMALE;WHITE;BLACK;SHORT;TRUE
358.mp4;MALE;WHITE;GREY;SHORT;TRUE
359.mp4;FEMALE;WHITE;BLACK;LONG;FALSE
360.mp4;FEMALE;WHITE;BROWN;SHORT;TRUE
361.mp4;MALE;WHITE;BLACK;SHORT;TRUE
362.mp4;FEMALE;WHITE;BLONDE;LONG;FALSE
363.mp4;FEMALE;WHITE;BLACK;SHORT;TRUE
364.mp4;MALE;WHITE;BLACK;SHORT;TRUE
365.mp4;MALE;WHITE;BLACK;SHORT;TRUE
366.mp4;FEMALE;ASIAN;BLACK;LONG;TRUE
367.mp4;FEMALE;WHITE;BLONDE;LONG;FALSE
368.mp4;MALE;WHITE;BLONDE;SHORT;TRUE
369.mp4;FEMALE;WHITE;BLACK;LONG;TRUE
370.mp4;FEMALE;WHITE;BLACK;LONG;FALSE
371.mp4;FEMALE;WHITE;BLACK;LONG;TRUE
372.mp4;FEMALE;WHITE;BLACK;LONG;TRUE
373.mp4;MALE;WHITE;BLACK;SHORT;TRUE
374.mp4;MALE;ASIAN;BLACK;SHORT;TRUE
375.mp4;FEMALE;WHITE;BLACK;LONG;FALSE
376.mp4;FEMALE;WHITE;BLONDE;LONG;FALSE
377.mp4;MALE;WHITE;BLACK;SHORT;TRUE
378.mp4;FEMALE;WHITE;BLACK;LONG;FALSE
379.mp4;FEMALE;MIXED;BLACK;LONG;TRUE
380.mp4;MALE;WHITE;GREY;SHORT;TRUE
381.mp4;FEMALE;WHITE;BLACK;LONG;TRUE
382.mp4;MALE;WHITE;BLACK;SHORT;TRUE
383.mp4;MALE;WHITE;GREY;SHORT;TRUE
384.mp4;MALE;WHITE;BLACK;SHORT;TRUE
385.mp4;FEMALE;WHITE;BLACK;LONG;FALSE
386.mp4;FEMALE;WHITE;BLACK;SHORT;FALSE
387.mp4;MALE;WHITE;BLONDE;SHORT;TRUE
388.mp4;FEMALE;WHITE;BLACK;SHORT;TRUE
389.mp4;FEMALE;WHITE;BLACK;LONG;TRUE
390.mp4;FEMALE;WHITE;BLONDE;LONG;TRUE
391.mp4;FEMALE;WHITE;BLACK;SHORT;TRUE
392.mp4;FEMALE;WHITE;BLACK;LONG;TRUE
393.mp4;MALE;WHITE;BLACK;SHORT;TRUE
394.mp4;MALE;WHITE;BROWN;SHORT;TRUE
395.mp4;MALE;WHITE;BLACK;SHORT;TRUE
396.mp4;FEMALE;WHITE;BLACK;LONG;FALSE
397.mp4;FEMALE;WHITE;BLACK;PONYTAIL;TRUE
398.mp4;FEMALE;WHITE;BLACK;LONG;FALSE
399.mp4;FEMALE;WHITE;BLACK;LONG;FALSE
400.mp4;FEMALE;WHITE;BLONDE;LONG;FALSE
401.mp4;FEMALE;WHITE;BLACK;SHORT;TRUE
402.mp4;FEMALE;WHITE;BLACK;LONG;FALSE
403.mp4;FEMALE;WHITE;BLONDE;SHORT;TRUE
404.mp4;MALE;WHITE;BLACK;SHORT;TRUE
405.mp4;FEMALE;WHITE;BLACK;SHORT;TRUE
406.mp4;FEMALE;WHITE;BLACK;LONG;FALSE
407.mp4;MALE;WHITE;BLACK;SHORT;TRUE
408.mp4;MALE;ASIAN;BLACK;SHORT;TRUE
409.mp4;MALE;WHITE;BLACK;SHORT;TRUE
410.mp4;FEMALE;WHITE;BLACK;LONG;TRUE
411.mp4;FEMALE;WHITE;BLACK;LONG;TRUE
412.mp4;FEMALE;WHITE;BLACK;LONG;TRUE
413.mp4;FEMALE;WHITE;BLONDE;LONG;FALSE
414.mp4;FEMALE;WHITE;BLACK;SHORT;TRUE
415.mp4;MALE;WHITE;BLACK;SHORT;TRUE
416.mp4;MALE;WHITE;BLACK;SHORT;TRUE
417.mp4;FEMALE;WHITE;BLACK;LONG;TRUE
418.mp4;FEMALE;WHITE;BLONDE;LONG;FALSE
419.mp4;FEMALE;WHITE;BLACK;SHORT;TRUE
420.mp4;MALE;WHITE;BLACK;SHORT;TRUE
421.mp4;FEMALE;WHITE;BLACK;LONG;TRUE
422.mp4;FEMALE;WHITE;BLACK;SHORT;TRUE
423.mp4;FEMALE;WHITE;BLACK;LONG;TRUE
424.mp4;MALE;WHITE;BLACK;SHORT;TRUE
425.mp4;FEMALE;WHITE;BLONDE;LONG;FALSE
426.mp4;FEMALE;WHITE;BLACK;LONG;TRUE
427.mp4;FEMALE;WHITE;BLONDE;SHORT;FALSE
428.mp4;FEMALE;WHITE;BLACK;PONYTAIL;TRUE
429.mp4;MALE;WHITE;BROWN;SHORT;TRUE
430.mp4;FEMALE;WHITE;BLACK;SHORT;TRUE
431.mp4;MALE;WHITE;BLACK;SHORT;TRUE
432.mp4;MALE;WHITE;GREY;SHORT;TRUE
433.mp4;MALE;WHITE;GREY;SHORT;TRUE
434.mp4;FEMALE;WHITE;BLONDE;LONG;FALSE
435.mp4;MALE;WHITE;BLACK;SHORT;TRUE
436.mp4;FEMALE;WHITE;BLONDE;LONG;FALSE
437.mp4;FEMALE;WHITE;BLACK;LONG;FALSE
438.mp4;FEMALE;WHITE;BLACK;LONG;FALSE
439.mp4;FEMALE;WHITE;BLONDE;LONG;FALSE
440.mp4;MALE;WHITE;LIGHT BROWN;SHORT;TRUE
441.mp4;FEMALE;WHITE;BLACK;SHORT;FALSE
442.mp4;MALE;WHITE;BLACK;SHORT;TRUE
443.mp4;MALE;WHITE;BLACK;SHORT;TRUE
444.mp4;MALE;WHITE;BLACK;SHORT;TRUE
445.mp4;MALE;WHITE;BLACK;SHORT;TRUE
446.mp4;FEMALE;WHITE;BLACK;LONG;TRUE
447.mp4;MALE;WHITE;BROWN;SHORT;TRUE
448.mp4;MALE;WHITE;GREY;SHORT;TRUE
449.mp4;MALE;WHITE;BROWN;SHORT;TRUE
450.mp4;FEMALE;WHITE;BLACK;SHORT;TRUE
451.mp4;MALE;WHITE;BLACK;SHORT;TRUE
452.mp4;MALE;WHITE;GREY;SHORT;TRUE
453.mp4;FEMALE;WHITE;BLACK;SHORT;TRUE
454.mp4;FEMALE;WHITE;BLACK;SHORT;TRUE
455.mp4;FEMALE;ASIAN;BLACK;SHORT;TRUE
456.mp4;MALE;WHITE;BLONDE;SHORT;TRUE
457.mp4;FEMALE;WHITE;BLACK;LONG;FALSE
458.mp4;FEMALE;WHITE;BLACK;LONG;TRUE
459.mp4;FEMALE;WHITE;BLACK;SHORT;TRUE
460.mp4;FEMALE;WHITE;BLACK;SHORT;TRUE
461.mp4;FEMALE;WHITE;BLONDE;LONG;FALSE
462.mp4;FEMALE;WHITE;BLACK;LONG;TRUE
463.mp4;MALE;WHITE;BLACK;SHORT;TRUE
464.mp4;MALE;WHITE;BLACK;SHORT;TRUE
465.mp4;FEMALE;WHITE;BLACK;LONG;TRUE
466.mp4;FEMALE;WHITE;BLACK;LONG;TRUE
467.mp4;FEMALE;WHITE;BLONDE;SHORT;FALSE
468.mp4;MALE;WHITE;BLACK;SHORT;TRUE
469.mp4;FEMALE;WHITE;BLACK;LONG;FALSE
470.mp4;MALE;WHITE;BLACK;SHORT;TRUE
471.mp4;FEMALE;WHITE;BLACK;LONG;TRUE
472.mp4;MALE;WHITE;BLACK;SHORT;TRUE
473.mp4;MALE;WHITE;BLACK;SHORT;TRUE
474.mp4;FEMALE;ASIAN;BLACK;LONG;FALSE
475.mp4;FEMALE;WHITE;BROWN;SHORT;TRUE
476.mp4;FEMALE;WHITE;BLACK;LONG;TRUE
477.mp4;FEMALE;WHITE;BLACK;LONG;TRUE
478.mp4;FEMALE;WHITE;BLACK;SHORT;TRUE
479.mp4;FEMALE;WHITE;BLACK;LONG;TRUE
480.mp4;FEMALE;WHITE;BLONDE;SHORT;TRUE
481.mp4;FEMALE;WHITE;BLACK;LONG;TRUE
482.mp4;FEMALE;WHITE;BLACK;LONG;FALSE
483.mp4;MALE;WHITE;BLACK;SHORT;TRUE
484.mp4;MALE;WHITE;BLACK;SHORT;TRUE
485.mp4;MALE;WHITE;BLACK;LONG;FALSE
486.mp4;FEMALE;WHITE;BLACK;LONG;FALSE
487.mp4;FEMALE;WHITE;BLONDE;SHORT;TRUE
488.mp4;FEMALE;WHITE;BLACK;LONG;FALSE
489.mp4;MALE;WHITE;BLACK;SHORT;TRUE
490.mp4;FEMALE;WHITE;BLACK;LONG;FALSE
491.mp4;MALE;WHITE;BLACK;SHORT;TRUE
492.mp4;MALE;WHITE;GREY;SHORT;TRUE
493.mp4;FEMALE;WHITE;BLACK;LONG;FALSE
494.mp4;MALE;WHITE;BROWN;SHORT;TRUE
495.mp4;MALE;WHITE;BLACK;SHORT;TRUE
496.mp4;FEMALE;WHITE;BLACK;LONG;FALSE
497.mp4;FEMALE;WHITE;BLACK;PONYTAIL;TRUE
498.mp4;MALE;WHITE;BLACK;SHORT;TRUE
499.mp4;MALE;WHITE;BLACK;SHORT;TRUE
500.mp4;FEMALE;AFRICAN;BLACK;LONG;TRUE
501.mp4;MALE;WHITE;BLACK;SHORT;TRUE
502.mp4;MALE;WHITE;BLACK;SHORT;TRUE
503.mp4;FEMALE;WHITE;BLACK;LONG;TRUE
504.mp4;MALE;WHITE;BROWN;SHORT;TRUE
505.mp4;FEMALE;WHITE;BLACK;SHORT;TRUE
506.mp4;FEMALE;WHITE;BLACK;LONG;FALSE
507.mp4;FEMALE;WHITE;BLACK;PONYTAIL;TRUE
508.mp4;FEMALE;WHITE;BLACK;SHORT;TRUE
509.mp4;MALE;WHITE;BLACK;SHORT;TRUE
510.mp4;MALE;WHITE;BLACK;SHORT;TRUE
511.mp4;MALE;WHITE;BLACK;SHORT;TRUE
512.mp4;MALE;WHITE;BLACK;SHORT;TRUE
513.mp4;MALE;WHITE;GREY;SHORT;TRUE
514.mp4;MALE;WHITE;BLACK;SHORT;TRUE
515.mp4;MALE;WHITE;BLACK;SHORT;TRUE
516.mp4;FEMALE;WHITE;BLACK;LONG;TRUE
517.mp4;FEMALE;WHITE;BLACK;LONG;FALSE
518.mp4;MALE;WHITE;BLACK;LONG;TRUE
519.mp4;MALE;WHITE;BLACK;SHORT;TRUE
520.mp4;FEMALE;WHITE;BLACK;LONG;FALSE
521.mp4;FEMALE;WHITE;BLONDE;SHORT;TRUE
522.mp4;FEMALE;WHITE;BLACK;LONG;TRUE
523.mp4;MALE;WHITE;BLACK;SHORT;TRUE
524.mp4;FEMALE;WHITE;BLACK;LONG;TRUE
525.mp4;MALE;WHITE;BLACK;SHORT;TRUE
526.mp4;FEMALE;WHITE;BLACK;LONG;TRUE
527.mp4;FEMALE;WHITE;BLONDE;LONG;FALSE
528.mp4;MALE;WHITE;BLACK;SHORT;TRUE
529.mp4;FEMALE;WHITE;BLONDE;LONG;FALSE
530.mp4;MALE;WHITE;LIGHT BROWN;SHORT;TRUE
531.mp4;MALE;WHITE;BLACK;SHORT;TRUE
532.mp4;FEMALE;WHITE;BLACK;LONG;TRUE
533.mp4;FEMALE;WHITE;BLACK;SHORT;TRUE
534.mp4;FEMALE;WHITE;BLONDE;LONG;TRUE
535.mp4;FEMALE;WHITE;BLACK;LONG;TRUE
536.mp4;FEMALE;WHITE;BLACK;LONG;TRUE
537.mp4;FEMALE;WHITE;BLACK;LONG;FALSE
538.mp4;FEMALE;WHITE;BLACK;LONG;TRUE
539.mp4;MALE;WHITE;BLACK;SHORT;TRUE
540.mp4;FEMALE;WHITE;BLACK;LONG;FALSE
541.mp4;MALE;WHITE;BROWN;SHORT;TRUE
542.mp4;FEMALE;WHITE;BLONDE;LONG;FALSE
543.mp4;MALE;WHITE;BROWN;SHORT;TRUE
544.mp4;FEMALE;WHITE;BLACK;LONG;FALSE
545.mp4;FEMALE;WHITE;BLACK;LONG;TRUE
546.mp4;FEMALE;WHITE;BLACK;LONG;FALSE
547.mp4;MALE;WHITE;BLACK;SHORT;TRUE
548.mp4;FEMALE;WHITE;BLACK;LONG;TRUE
549.mp4;FEMALE;WHITE;BLONDE;SHORT;TRUE
550.mp4;MALE;WHITE;BLACK;SHORT;TRUE
551.mp4;FEMALE;WHITE;BLACK;LONG;TRUE
552.mp4;MALE;WHITE;GREY;SHORT;TRUE
553.mp4;FEMALE;WHITE;BLACK;SHORT;TRUE
554.mp4;FEMALE;WHITE;BLACK;LONG;TRUE
555.mp4;FEMALE;WHITE;BLACK;LONG;TRUE
556.mp4;FEMALE;WHITE;BROWN;SHORT;TRUE
557.mp4;FEMALE;WHITE;BLACK;SHORT;TRUE
558.mp4;FEMALE;WHITE;BLONDE;LONG;FALSE
559.mp4;MALE;WHITE;BLONDE;SHORT;TRUE
560.mp4;MALE;WHITE;BLACK;SHORT;TRUE
561.mp4;FEMALE;WHITE;BLACK;SHORT;TRUE
562.mp4;MALE;WHITE;BLONDE;SHORT;TRUE
563.mp4;FEMALE;WHITE;BLACK;LONG;FALSE
564.mp4;MALE;WHITE;BLACK;SHORT;TRUE
565.mp4;FEMALE;WHITE;BLACK;SHORT;TRUE
566.mp4;FEMALE;WHITE;BLACK;LONG;TRUE
567.mp4;FEMALE;WHITE;BLACK;LONG;FALSE
568.mp4;MALE;WHITE;BLACK;SHORT;TRUE
569.mp4;FEMALE;WHITE;BLACK;SHORT;TRUE
570.mp4;FEMALE;WHITE;BLACK;SHORT;TRUE
571.mp4;MALE;WHITE;BLACK;SHORT;TRUE
572.mp4;MALE;WHITE;BLACK;SHORT;TRUE
573.mp4;MALE;WHITE;GREY;SHORT;TRUE
574.mp4;MALE;WHITE;BLACK;SHORT;TRUE
575.mp4;FEMALE;WHITE;BLACK;LONG;TRUE
576.mp4;FEMALE;WHITE;BLACK;LONG;TRUE
577.mp4;FEMALE;WHITE;BLACK;LONG;TRUE
578.mp4;FEMALE;WHITE;BLACK;LONG;FALSE
579.mp4;MALE;WHITE;GREY;SHORT;TRUE
580.mp4;FEMALE;WHITE;BLACK;LONG;FALSE
581.mp4;FEMALE;WHITE;BROWN;SHORT;TRUE
582.mp4;MALE;WHITE;BLACK;SHORT;TRUE
583.mp4;FEMALE;WHITE;BLACK;LONG;FALSE
584.mp4;MALE;OTHER;BLACK;SHORT;TRUE
585.mp4;FEMALE;AFRICAN;BLACK;LONG;TRUE
586.mp4;FEMALE;WHITE;BLACK;PONYTAIL;TRUE
587.mp4;FEMALE;WHITE;BLACK;SHORT;TRUE
588.mp4;FEMALE;WHITE;BLACK;LONG;TRUE
589.mp4;FEMALE;ASIAN;BLACK;LONG;TRUE
590.mp4;FEMALE;WHITE;BLACK;SHORT;TRUE
591.mp4;MALE;WHITE;BLACK;SHORT;TRUE
592.mp4;FEMALE;WHITE;BLACK;SHORT;TRUE
593.mp4;FEMALE;WHITE;BLACK;SHORT;TRUE
594.mp4;MALE;WHITE;GREY;SHORT;TRUE
595.mp4;FEMALE;WHITE;BLACK;LONG;FALSE
596.mp4;FEMALE;WHITE;BLACK;LONG;FALSE
597.mp4;FEMALE;WHITE;BLACK;LONG;FALSE
598.mp4;FEMALE;WHITE;BLACK;LONG;TRUE
599.mp4;FEMALE;WHITE;BLONDE;SHORT;FALSE
600.mp4;FEMALE;ASIAN;BLACK;SHORT;TRUE
601.mp4;MALE;WHITE;BLACK;SHORT;TRUE
602.mp4;FEMALE;WHITE;BLACK;LONG;TRUE
603.mp4;FEMALE;WHITE;BLACK;PONYTAIL;TRUE
604.mp4;FEMALE;WHITE;BLACK;LONG;TRUE
605.mp4;MALE;WHITE;GREY;SHORT;TRUE
606.mp4;FEMALE;WHITE;BLONDE;LONG;TRUE
607.mp4;FEMALE;WHITE;BLACK;SHORT;TRUE
608.mp4;MALE;WHITE;GREY;SHORT;TRUE
609.mp4;FEMALE;WHITE;BLACK;SHORT;TRUE
610.mp4;FEMALE;WHITE;BLACK;LONG;FALSE
611.mp4;FEMALE;ASIAN;BLACK;SHORT;TRUE
612.mp4;MALE;WHITE;GREY;SHORT;TRUE
613.mp4;MALE;WHITE;BROWN;SHORT;TRUE
614.mp4;FEMALE;WHITE;BLONDE;LONG;FALSE
615.mp4;FEMALE;WHITE;BLONDE;SHORT;TRUE
616.mp4;FEMALE;WHITE;BLACK;LONG;FALSE
617.mp4;FEMALE;WHITE;BLACK;LONG;TRUE
618.mp4;FEMALE;WHITE;BLACK;LONG;FALSE
619.mp4;MALE;WHITE;LIGHT BROWN;SHORT;TRUE
620.mp4;MALE;WHITE;GREY;SHORT;TRUE
621.mp4;FEMALE;WHITE;BLACK;LONG;TRUE
622.mp4;MALE;WHITE;GREY;SHORT;TRUE
623.mp4;FEMALE;WHITE;BLONDE;LONG;FALSE
624.mp4;FEMALE;WHITE;BLACK;SHORT;TRUE
625.mp4;FEMALE;WHITE;BLONDE;SHORT;FALSE
626.mp4;MALE;WHITE;BLACK;SHORT;TRUE
627.mp4;MALE;WHITE;BLACK;SHORT;TRUE
628.mp4;FEMALE;WHITE;BROWN;SHORT;TRUE
629.mp4;FEMALE;WHITE;BLACK;LONG;FALSE
630.mp4;FEMALE;WHITE;BLACK;LONG;FALSE
631.mp4;MALE;WHITE;BLACK;SHORT;TRUE
632.mp4;MALE;WHITE;BROWN;SHORT;TRUE
633.mp4;FEMALE;WHITE;BLACK;LONG;TRUE
634.mp4;FEMALE;WHITE;BLONDE;LONG;FALSE
635.mp4;FEMALE;WHITE;BLACK;LONG;TRUE
636.mp4;FEMALE;WHITE;BLACK;SHORT;TRUE
637.mp4;FEMALE;WHITE;BLONDE;LONG;FALSE
638.mp4;MALE;WHITE;BLACK;SHORT;TRUE
639.mp4;FEMALE;WHITE;BLACK;SHORT;TRUE
640.mp4;MALE;WHITE;BLACK;SHORT;TRUE
641.mp4;FEMALE;WHITE;BLACK;LONG;TRUE
642.mp4;FEMALE;WHITE;BLONDE;LONG;FALSE
643.mp4;FEMALE;WHITE;BLONDE;LONG;FALSE
644.mp4;FEMALE;WHITE;BLACK;LONG;FALSE
645.mp4;FEMALE;WHITE;BLACK;LONG;FALSE
646.mp4;FEMALE;WHITE;BLACK;LONG;FALSE
647.mp4;FEMALE;WHITE;BLACK;SHORT;TRUE
648.mp4;FEMALE;WHITE;BLACK;LONG;FALSE
649.mp4;FEMALE;WHITE;BLACK;LONG;FALSE
650.mp4;FEMALE;WHITE;BLACK;LONG;TRUE
651.mp4;FEMALE;WHITE;BLACK;LONG;FALSE
652.mp4;FEMALE;WHITE;BLACK;SHORT;TRUE
653.mp4;MALE;WHITE;BROWN;SHORT;TRUE
654.mp4;FEMALE;WHITE;BLACK;LONG;FALSE
655.mp4;MALE;WHITE;BLACK;SHORT;TRUE
656.mp4;MALE;ASIAN;BLACK;SHORT;TRUE
657.mp4;FEMALE;WHITE;BLACK;LONG;TRUE
658.mp4;MALE;WHITE;BLACK;SHORT;TRUE
659.mp4;FEMALE;WHITE;BLONDE;SHORT;FALSE
660.mp4;FEMALE;WHITE;BLACK;LONG;FALSE
661.mp4;FEMALE;WHITE;BLACK;SHORT;FALSE
662.mp4;FEMALE;WHITE;BLACK;LONG;TRUE
663.mp4;FEMALE;WHITE;BLACK;LONG;FALSE
664.mp4;FEMALE;WHITE;BLONDE;SHORT;FALSE
665.mp4;MALE;WHITE;BLACK;SHORT;TRUE
666.mp4;MALE;WHITE;BLACK;SHORT;TRUE
667.mp4;FEMALE;WHITE;BLACK;LONG;TRUE
668.mp4;FEMALE;WHITE;BLACK;LONG;TRUE
669.mp4;MALE;WHITE;BLACK;SHORT;TRUE
670.mp4;FEMALE;WHITE;BLACK;LONG;FALSE
671.mp4;FEMALE;WHITE;BLACK;LONG;FALSE
672.mp4;FEMALE;WHITE;BLACK;LONG;TRUE
673.mp4;FEMALE;WHITE;BLACK;LONG;TRUE
674.mp4;MALE;WHITE;BLACK;SHORT;TRUE
675.mp4;FEMALE;WHITE;BLONDE;SHORT;TRUE
676.mp4;FEMALE;WHITE;BLACK;LONG;FALSE
677.mp4;FEMALE;WHITE;BLACK;SHORT;TRUE
678.mp4;FEMALE;WHITE;BLACK;LONG;TRUE
679.mp4;FEMALE;WHITE;BLACK;SHORT;TRUE
680.mp4;FEMALE;WHITE;BLACK;LONG;FALSE
681.mp4;MALE;WHITE;BROWN;SHORT;TRUE
682.mp4;MALE;WHITE;BLACK;SHORT;TRUE
683.mp4;FEMALE;WHITE;BLACK;PONYTAIL;TRUE
684.mp4;FEMALE;WHITE;BLACK;SHORT;TRUE
685.mp4;MALE;WHITE;GREY;SHORT;TRUE
686.mp4;FEMALE;WHITE;BLONDE;SHORT;FALSE
687.mp4;FEMALE;WHITE;BLACK;LONG;TRUE
688.mp4;FEMALE;WHITE;BLACK;LONG;TRUE
689.mp4;MALE;WHITE;BLACK;SHORT;TRUE
690.mp4;MALE;WHITE;BLACK;SHORT;TRUE
691.mp4;MALE;WHITE;GREY;SHORT;TRUE
692.mp4;FEMALE;WHITE;BLACK;LONG;TRUE
693.mp4;FEMALE;WHITE;BLACK;LONG;FALSE
694.mp4;MALE;WHITE;BLACK;SHORT;TRUE
695.mp4;MALE;WHITE;BLACK;SHORT;TRUE
696.mp4;FEMALE;WHITE;BLACK;LONG;TRUE
697.mp4;MALE;WHITE;GREY;SHORT;TRUE
698.mp4;FEMALE;OTHER;BLACK;LONG;FALSE
699.mp4;MALE;ASIAN;BLACK;SHORT;TRUE
700.mp4;FEMALE;WHITE;BLACK;LONG;FALSE
701.mp4;MALE;WHITE;BLACK;SHORT;TRUE
702.mp4;MALE;WHITE;BROWN;SHORT;TRUE
703.mp4;FEMALE;WHITE;BLACK;LONG;TRUE
704.mp4;FEMALE;WHITE;BLACK;LONG;FALSE
705.mp4;MALE;WHITE;BLACK;SHORT;TRUE
706.mp4;FEMALE;WHITE;BLACK;SHORT;TRUE
707.mp4;MALE;WHITE;BLACK;SHORT;TRUE
708.mp4;FEMALE;WHITE;BLACK;LONG;TRUE
709.mp4;FEMALE;WHITE;BLONDE;LONG;FALSE
710.mp4;FEMALE;WHITE;BLACK;LONG;TRUE
711.mp4;MALE;WHITE;BLACK;SHORT;TRUE
712.mp4;FEMALE;WHITE;BLONDE;SHORT;TRUE
713.mp4;FEMALE;WHITE;BLACK;LONG;TRUE
714.mp4;FEMALE;WHITE;BLONDE;LONG;FALSE
715.mp4;MALE;WHITE;BLACK;SHORT;TRUE
716.mp4;FEMALE;WHITE;BLACK;SHORT;TRUE
717.mp4;FEMALE;WHITE;BLACK;LONG;TRUE
718.mp4;FEMALE;WHITE;BLONDE;LONG;TRUE
719.mp4;MALE;WHITE;BLACK;SHORT;TRUE
720.mp4;FEMALE;WHITE;BLACK;LONG;TRUE
721.mp4;MALE;WHITE;BROWN;SHORT;TRUE
722.mp4;FEMALE;WHITE;BLONDE;SHORT;FALSE
723.mp4;FEMALE;WHITE;BLACK;SHORT;TRUE
724.mp4;FEMALE;MIXED;BLACK;LONG;FALSE
725.mp4;FEMALE;WHITE;BLACK;LONG;FALSE
726.mp4;FEMALE;WHITE;BLACK;LONG;TRUE
727.mp4;MALE;WHITE;BLACK;SHORT;TRUE
728.mp4;FEMALE;WHITE;BLACK;LONG;FALSE
729.mp4;MALE;WHITE;BLACK;SHORT;TRUE
730.mp4;MALE;WHITE;BROWN;SHORT;TRUE
731.mp4;MALE;WHITE;BLACK;SHORT;TRUE
732.mp4;MALE;WHITE;BLACK;SHORT;TRUE
733.mp4;FEMALE;WHITE;BLACK;PONYTAIL;TRUE
734.mp4;MALE;WHITE;BLACK;SHORT;TRUE
735.mp4;MALE;WHITE;BLACK;SHORT;TRUE
736.mp4;FEMALE;WHITE;BLACK;SHORT;TRUE
737.mp4;MALE;WHITE;BLACK;SHORT;TRUE
738.mp4;FEMALE;WHITE;BLONDE;LONG;FALSE
739.mp4;FEMALE;WHITE;BLACK;LONG;TRUE
740.mp4;FEMALE;WHITE;BLACK;SHORT;TRUE
741.mp4;MALE;WHITE;BLACK;SHORT;TRUE
742.mp4;MALE;WHITE;BALD;SHORT;TRUE
743.mp4;FEMALE;WHITE;BLACK;LONG;FALSE
744.mp4;MALE;ASIAN;BLACK;SHORT;TRUE
745.mp4;MALE;WHITE;BLACK;SHORT;TRUE
746.mp4;MALE;WHITE;BLACK;SHORT;TRUE
747.mp4;MALE;WHITE;LIGHT BROWN;SHORT;TRUE
748.mp4;FEMALE;WHITE;BLACK;LONG;FALSE
749.mp4;MALE;WHITE;BLACK;SHORT;TRUE
750.mp4;FEMALE;WHITE;BLACK;LONG;TRUE
751.mp4;FEMALE;WHITE;BLACK;SHORT;TRUE
752.mp4;FEMALE;WHITE;BLACK;LONG;TRUE
753.mp4;FEMALE;WHITE;BLACK;PONYTAIL;TRUE
754.mp4;FEMALE;WHITE;BLONDE;LONG;FALSE
755.mp4;MALE;WHITE;BLACK;SHORT;TRUE
756.mp4;FEMALE;WHITE;BLONDE;LONG;FALSE
757.mp4;FEMALE;WHITE;BROWN;SHORT;TRUE
758.mp4;FEMALE;WHITE;BLACK;LONG;TRUE
759.mp4;MALE;WHITE;BLACK;SHORT;TRUE
760.mp4;FEMALE;WHITE;BLACK;LONG;FALSE
761.mp4;FEMALE;WHITE;BLACK;SHORT;TRUE
762.mp4;FEMALE;WHITE;BLACK;LONG;TRUE
763.mp4;FEMALE;WHITE;BLACK;LONG;FALSE
764.mp4;FEMALE;WHITE;BLACK;LONG;TRUE
765.mp4;FEMALE;WHITE;BLACK;LONG;TRUE
766.mp4;FEMALE;WHITE;BLACK;LONG;TRUE
767.mp4;FEMALE;WHITE;BLACK;SHORT;TRUE
768.mp4;MALE;WHITE;BROWN;SHORT;TRUE
769.mp4;FEMALE;WHITE;BLACK;LONG;TRUE
770.mp4;MALE;WHITE;GREY;SHORT;TRUE
771.mp4;FEMALE;ASIAN;BLACK;SHORT;TRUE
772.mp4;FEMALE;WHITE;BLONDE;LONG;FALSE
773.mp4;FEMALE;OTHER;BLACK;LONG;TRUE
774.mp4;MALE;WHITE;BLACK;SHORT;TRUE
775.mp4;MALE;WHITE;GREY;SHORT;TRUE
776.mp4;FEMALE;WHITE;BROWN;LONG;FALSE
777.mp4;MALE;WHITE;BLACK;SHORT;TRUE
778.mp4;FEMALE;WHITE;BLACK;LONG;TRUE
779.mp4;MALE;WHITE;BLACK;SHORT;TRUE
780.mp4;FEMALE;WHITE;BLACK;SHORT;TRUE
781.mp4;FEMALE;WHITE;BLACK;LONG;TRUE
782.mp4;MALE;WHITE;BLACK;SHORT;TRUE
783.mp4;FEMALE;WHITE;BLACK;LONG;TRUE
784.mp4;FEMALE;WHITE;BLACK;LONG;TRUE
785.mp4;FEMALE;WHITE;BLONDE;LONG;FALSE
786.mp4;FEMALE;WHITE;BROWN;LONG;FALSE
787.mp4;MALE;WHITE;BLACK;SHORT;TRUE
788.mp4;MALE;WHITE;BLACK;SHORT;TRUE
789.mp4;FEMALE;WHITE;BLACK;LONG;TRUE
790.mp4;MALE;WHITE;BLACK;SHORT;TRUE
791.mp4;MALE;WHITE;BLACK;SHORT;TRUE
792.mp4;MALE;WHITE;GREY;SHORT;TRUE
793.mp4;MALE;WHITE;BROWN;SHORT;TRUE
794.mp4;MALE;WHITE;BLACK;SHORT;TRUE
795.mp4;FEMALE;WHITE;BLONDE;LONG;FALSE
796.mp4;FEMALE;WHITE;BLONDE;SHORT;FALSE
797.mp4;MALE;ASIAN;BLACK;LONG;TRUE
798.mp4;FEMALE;WHITE;BLACK;LONG;FALSE
799.mp4;FEMALE;WHITE;BLACK;SHORT;TRUE
800.mp4;MALE;WHITE;GREY;SHORT;TRUE
801.mp4;FEMALE;WHITE;BLACK;SHORT;TRUE
802.mp4;FEMALE;WHITE;BLACK;LONG;TRUE
803.mp4;FEMALE;WHITE;BLACK;LONG;TRUE
804.mp4;FEMALE;WHITE;BLACK;LONG;TRUE
805.mp4;FEMALE;WHITE;BLACK;SHORT;TRUE
806.mp4;FEMALE;WHITE;BLACK;LONG;FALSE
807.mp4;MALE;WHITE;BROWN;SHORT;TRUE
808.mp4;FEMALE;WHITE;BROWN;SHORT;TRUE
809.mp4;FEMALE;WHITE;BLONDE;SHORT;TRUE
810.mp4;FEMALE;WHITE;BLACK;LONG;FALSE
811.mp4;FEMALE;WHITE;GREY;SHORT;TRUE
812.mp4;MALE;WHITE;BLACK;SHORT;TRUE
813.mp4;FEMALE;WHITE;BLACK;SHORT;TRUE
814.mp4;FEMALE;WHITE;BLACK;PONYTAIL;TRUE
815.mp4;MALE;WHITE;BLACK;SHORT;TRUE
816.mp4;FEMALE;WHITE;BLONDE;LONG;TRUE
817.mp4;FEMALE;WHITE;BLACK;LONG;TRUE
818.mp4;MALE;AFRICAN;GREY;SHORT;TRUE
819.mp4;FEMALE;WHITE;BLACK;LONG;FALSE
820.mp4;MALE;WHITE;LIGHT BROWN;SHORT;TRUE
821.mp4;MALE;WHITE;BLACK;SHORT;TRUE
822.mp4;FEMALE;WHITE;BLACK;LONG;TRUE
823.mp4;MALE;WHITE;GREY;SHORT;TRUE
824.mp4;FEMALE;WHITE;BLACK;SHORT;TRUE
825.mp4;FEMALE;WHITE;BLACK;LONG;TRUE
826.mp4;MALE;WHITE;BROWN;SHORT;TRUE
827.mp4;FEMALE;WHITE;BLACK;LONG;TRUE
828.mp4;FEMALE;WHITE;BLACK;SHORT;TRUE
829.mp4;FEMALE;WHITE;BLACK;LONG;TRUE
830.mp4;FEMALE;WHITE;BLACK;LONG;TRUE
831.mp4;FEMALE;WHITE;BLACK;LONG;TRUE
832.mp4;FEMALE;WHITE;BLACK;LONG;TRUE
833.mp4;MALE;WHITE;BLACK;SHORT;TRUE
834.mp4;MALE;WHITE;BLACK;SHORT;TRUE
835.mp4;FEMALE;WHITE;BLACK;LONG;FALSE
836.mp4;FEMALE;AFRICAN;BLACK;LONG;FALSE
837.mp4;FEMALE;WHITE;BLONDE;LONG;FALSE
838.mp4;FEMALE;WHITE;BLONDE;LONG;FALSE
839.mp4;FEMALE;WHITE;BLACK;LONG;FALSE
840.mp4;MALE;WHITE;BLACK;SHORT;TRUE
841.mp4;FEMALE;WHITE;BLACK;SHORT;TRUE
842.mp4;FEMALE;WHITE;BLONDE;SHORT;TRUE
843.mp4;MALE;WHITE;BLONDE;SHORT;TRUE
844.mp4;MALE;WHITE;BLACK;SHORT;TRUE
845.mp4;MALE;WHITE;GREY;SHORT;TRUE
846.mp4;MALE;WHITE;BLACK;SHORT;TRUE
847.mp4;FEMALE;WHITE;BLACK;SHORT;TRUE
848.mp4;MALE;WHITE;GREY;SHORT;TRUE
849.mp4;FEMALE;ASIAN;BLACK;LONG;TRUE
850.mp4;FEMALE;WHITE;BLACK;LONG;FALSE
851.mp4;MALE;WHITE;BLACK;SHORT;TRUE
852.mp4;MALE;WHITE;BLACK;SHORT;TRUE
853.mp4;FEMALE;WHITE;BLACK;LONG;FALSE
854.mp4;MALE;WHITE;LIGHT BROWN;SHORT;TRUE
855.mp4;MALE;WHITE;BLACK;SHORT;TRUE
856.mp4;MALE;WHITE;BLACK;SHORT;TRUE
857.mp4;MALE;ASIAN;BLACK;SHORT;TRUE
858.mp4;MALE;WHITE;BLACK;SHORT;TRUE
859.mp4;MALE;WHITE;BROWN;SHORT;TRUE
860.mp4;FEMALE;WHITE;BLACK;SHORT;TRUE
861.mp4;FEMALE;WHITE;BLACK;SHORT;TRUE
862.mp4;FEMALE;WHITE;BLACK;LONG;TRUE
863.mp4;FEMALE;WHITE;BLACK;LONG;TRUE
864.mp4;MALE;WHITE;BLACK;SHORT;TRUE
865.mp4;MALE;WHITE;BLACK;SHORT;TRUE
866.mp4;MALE;WHITE;BLACK;SHORT;TRUE
867.mp4;FEMALE;WHITE;BLACK;LONG;FALSE
868.mp4;FEMALE;WHITE;BLONDE;LONG;FALSE
869.mp4;MALE;WHITE;BLONDE;SHORT;TRUE
870.mp4;FEMALE;WHITE;BLACK;SHORT;TRUE
871.mp4;FEMALE;WHITE;BLONDE;PONYTAIL;TRUE
872.mp4;MALE;WHITE;BLACK;SHORT;TRUE
873.mp4;MALE;WHITE;BLACK;SHORT;TRUE
874.mp4;FEMALE;WHITE;BLACK;SHORT;TRUE
875.mp4;MALE;WHITE;BROWN;SHORT;TRUE
876.mp4;MALE;WHITE;BLACK;SHORT;TRUE
877.mp4;FEMALE;WHITE;BLACK;SHORT;TRUE
878.mp4;MALE;WHITE;GREY;SHORT;TRUE
879.mp4;MALE;WHITE;BLACK;SHORT;TRUE
880.mp4;FEMALE;WHITE;BLONDE;SHORT;FALSE
881.mp4;MALE;WHITE;BLACK;SHORT;TRUE
882.mp4;FEMALE;WHITE;BLACK;LONG;TRUE
883.mp4;FEMALE;WHITE;BLACK;LONG;FALSE
884.mp4;FEMALE;WHITE;BLACK;LONG;TRUE
885.mp4;FEMALE;WHITE;BLACK;LONG;TRUE
886.mp4;MALE;WHITE;BROWN;SHORT;TRUE
887.mp4;FEMALE;WHITE;BLACK;SHORT;TRUE
888.mp4;MALE;WHITE;GREY;SHORT;TRUE
889.mp4;FEMALE;WHITE;BLACK;LONG;TRUE
890.mp4;FEMALE;WHITE;BLACK;LONG;FALSE
891.mp4;MALE;WHITE;GREY;SHORT;TRUE
892.mp4;FEMALE;WHITE;BLACK;LONG;TRUE
893.mp4;FEMALE;WHITE;BLONDE;LONG;FALSE
894.mp4;MALE;WHITE;GREY;SHORT;TRUE
895.mp4;MALE;WHITE;GREY;SHORT;TRUE
896.mp4;MALE;WHITE;BLACK;SHORT;TRUE
897.mp4;FEMALE;WHITE;BLACK;LONG;TRUE
898.mp4;MALE;WHITE;BLACK;SHORT;TRUE
899.mp4;MALE;WHITE;BLACK;SHORT;TRUE
900.mp4;FEMALE;MIXED;BLACK;LONG;TRUE
901.mp4;MALE;WHITE;BLACK;SHORT;TRUE
902.mp4;MALE;WHITE;GREY;SHORT;TRUE
903.mp4;MALE;WHITE;BLACK;SHORT;TRUE
904.mp4;FEMALE;WHITE;BLACK;LONG;TRUE
905.mp4;FEMALE;WHITE;BLONDE;LONG;FALSE
906.mp4;MALE;WHITE;LIGHT BROWN;SHORT;TRUE
907.mp4;FEMALE;WHITE;BLACK;SHORT;TRUE
908.mp4;MALE;WHITE;BLACK;SHORT;TRUE
909.mp4;MALE;WHITE;BLACK;SHORT;TRUE
910.mp4;MALE;WHITE;BLACK;SHORT;TRUE
911.mp4;MALE;WHITE;BLACK;SHORT;TRUE
912.mp4;MALE;WHITE;BLACK;SHORT;TRUE
913.mp4;FEMALE;WHITE;BLACK;SHORT;TRUE
914.mp4;MALE;WHITE;BROWN;SHORT;TRUE
915.mp4;MALE;WHITE;GREY;SHORT;TRUE
916.mp4;FEMALE;WHITE;BLACK;LONG;TRUE
917.mp4;FEMALE;WHITE;BLACK;LONG;FALSE
918.mp4;FEMALE;WHITE;BLONDE;LONG;FALSE
919.mp4;FEMALE;WHITE;BLACK;SHORT;TRUE
920.mp4;MALE;WHITE;BROWN;SHORT;TRUE
921.mp4;MALE;WHITE;BROWN;SHORT;TRUE
922.mp4;MALE;WHITE;BLACK;SHORT;TRUE
923.mp4;FEMALE;WHITE;BLACK;SHORT;TRUE
924.mp4;FEMALE;WHITE;BLONDE;LONG;FALSE
925.mp4;MALE;WHITE;BLACK;SHORT;TRUE
926.mp4;FEMALE;WHITE;BLACK;LONG;FALSE
927.mp4;MALE;WHITE;BLACK;SHORT;TRUE
928.mp4;MALE;WHITE;BLACK;SHORT;TRUE
929.mp4;FEMALE;ASIAN;BLACK;LONG;TRUE
930.mp4;FEMALE;WHITE;BLACK;LONG;FALSE
931.mp4;FEMALE;WHITE;BLONDE;LONG;FALSE
932.mp4;MALE;WHITE;BLACK;SHORT;TRUE
933.mp4;MALE;WHITE;GREY;SHORT;TRUE
934.mp4;FEMALE;WHITE;BLACK;LONG;FALSE
935.mp4;FEMALE;WHITE;BROWN;LONG;TRUE
936.mp4;FEMALE;WHITE;BLONDE;SHORT;TRUE
937.mp4;MALE;WHITE;BLONDE;SHORT;TRUE
938.mp4;MALE;WHITE;BLACK;SHORT;TRUE
939.mp4;MALE;WHITE;BLACK;SHORT;TRUE
940.mp4;FEMALE;WHITE;BLACK;LONG;FALSE
941.mp4;FEMALE;WHITE;BLONDE;LONG;FALSE
942.mp4;FEMALE;WHITE;LIGHT BROWN;SHORT;TRUE
943.mp4;MALE;WHITE;BLONDE;SHORT;TRUE
944.mp4;FEMALE;WHITE;BLACK;LONG;FALSE
945.mp4;FEMALE;WHITE;BLACK;SHORT;TRUE
946.mp4;FEMALE;WHITE;BLACK;LONG;FALSE
947.mp4;FEMALE;WHITE;BLACK;LONG;FALSE
948.mp4;FEMALE;WHITE;BLACK;LONG;TRUE
949.mp4;FEMALE;WHITE;BLONDE;LONG;FALSE
950.mp4;FEMALE;WHITE;BLACK;LONG;TRUE
951.mp4;FEMALE;WHITE;BLACK;LONG;FALSE
952.mp4;FEMALE;WHITE;BLACK;LONG;FALSE
953.mp4;FEMALE;WHITE;BLONDE;SHORT;TRUE
954.mp4;FEMALE;WHITE;BLACK;LONG;TRUE
955.mp4;MALE;WHITE;BLACK;SHORT;TRUE
956.mp4;FEMALE;WHITE;BLACK;LONG;TRUE
957.mp4;FEMALE;WHITE;BLACK;LONG;TRUE
958.mp4;FEMALE;WHITE;BLACK;LONG;FALSE
959.mp4;FEMALE;WHITE;BLACK;SHORT;TRUE
960.mp4;FEMALE;WHITE;BLONDE;SHORT;FALSE
961.mp4;FEMALE;WHITE;BLACK;LONG;FALSE
962.mp4;FEMALE;WHITE;BLACK;LONG;TRUE
963.mp4;MALE;WHITE;BLACK;SHORT;TRUE
964.mp4;FEMALE;WHITE;BLONDE;SHORT;FALSE
965.mp4;FEMALE;WHITE;BLACK;PONYTAIL;TRUE
966.mp4;MALE;WHITE;BLACK;SHORT;TRUE
967.mp4;FEMALE;WHITE;BLONDE;LONG;FALSE
968.mp4;FEMALE;WHITE;BLONDE;SHORT;TRUE
969.mp4;FEMALE;WHITE;BLACK;LONG;FALSE
970.mp4;FEMALE;WHITE;BLACK;LONG;FALSE
971.mp4;FEMALE;WHITE;BLACK;SHORT;TRUE
972.mp4;FEMALE;WHITE;BLACK;LONG;TRUE
973.mp4;FEMALE;WHITE;BLACK;LONG;TRUE
974.mp4;MALE;WHITE;BLACK;SHORT;TRUE
975.mp4;FEMALE;WHITE;BLONDE;LONG;TRUE
976.mp4;FEMALE;WHITE;BLACK;LONG;FALSE
977.mp4;FEMALE;WHITE;BLACK;LONG;FALSE
978.mp4;FEMALE;WHITE;BLONDE;SHORT;FALSE
979.mp4;MALE;WHITE;BLACK;SHORT;TRUE
980.mp4;FEMALE;WHITE;BLACK;LONG;FALSE
981.mp4;FEMALE;WHITE;BLACK;LONG;FALSE
982.mp4;MALE;WHITE;BLACK;SHORT;TRUE
983.mp4;FEMALE;WHITE;BLONDE;LONG;FALSE
984.mp4;FEMALE;WHITE;BLACK;LONG;TRUE
985.mp4;FEMALE;WHITE;BLACK;LONG;FALSE
986.mp4;FEMALE;WHITE;BLONDE;LONG;FALSE
987.mp4;MALE;WHITE;BLACK;SHORT;TRUE
988.mp4;MALE;WHITE;BLACK;SHORT;TRUE
989.mp4;FEMALE;WHITE;BLONDE;LONG;FALSE
990.mp4;FEMALE;WHITE;BLACK;LONG;FALSE
991.mp4;MALE;WHITE;BLACK;SHORT;TRUE
992.mp4;FEMALE;WHITE;BLACK;LONG;FALSE
993.mp4;FEMALE;WHITE;BLACK;LONG;TRUE
994.mp4;MALE;ASIAN;BLACK;LONG;TRUE
995.mp4;FEMALE;ASIAN;BLACK;SHORT;TRUE
996.mp4;MALE;WHITE;BLACK;SHORT;TRUE
997.mp4;FEMALE;WHITE;BLACK;LONG;TRUE
998.mp4;FEMALE;WHITE;BLONDE;LONG;FALSE
999.mp4;FEMALE;WHITE;BLACK;SHORT;TRUE